M00571:14:000000000-A346Y:1:1110:17290:17573	chr7	44094904	44094938	60	+	chr7	44094903	44094939	60	-
M00571:14:000000000-A346Y:1:1102:7438:4615	chr19	8531907	8531941	60	+	chr19	8531907	8531941	60	-
M00571:14:000000000-A346Y:1:1111:9299:4492	chr4	123836462	123836481	40	+	chr4	123836459	123836482	45	-
M00571:14:000000000-A346Y:1:1113:5313:14880	chr7	44094904	44094936	60	+	chr7	44094903	44094937	60	-
M00571:14:000000000-A346Y:1:1114:8105:16254	chr7	44094904	44094938	60	+	chr7	44094903	44094939	60	-
M00571:14:000000000-A346Y:1:1104:10171:23156	chr7	44094904	44094936	60	+	chr7	44094903	44094937	60	-
M00571:14:000000000-A346Y:1:1114:11670:11040	chr7	139549015	139549038	53	+	chr7	139549013	139549039	47	-
M00571:14:000000000-A346Y:1:1113:20790:11322	chr4	123836462	123836481	40	+	chr4	123836459	123836482	45	-
M00571:14:000000000-A346Y:1:1111:20676:26945	chr4	123836462	123836481	40	+	chr4	123836459	123836481	45	-
M00571:14:000000000-A346Y:1:1111:10739:2852	chr7	44094904	44094938	60	+	chr7	44094903	44094939	60	-
M00571:14:000000000-A346Y:1:1102:14827:4531	chr6	122947051	122947076	18	+	chr22	36006474	36006493	0	+
M00571:14:000000000-A346Y:1:1110:21997:16096	chr4	123836462	123836481	40	+	chr4	123836459	123836481	45	-
M00571:14:000000000-A346Y:1:1109:22140:6354	chr7	44094904	44094936	60	+	chr7	44094903	44094937	60	-
M00571:14:000000000-A346Y:1:1105:9924:8735	chr6	29932499	29932583	60	+	chr22	36006474	36006493	0	+
M00571:14:000000000-A346Y:1:1112:13793:1797	chr7	44094904	44094936	60	+	chr7	44094903	44094937	60	-
M00571:14:000000000-A346Y:1:1101:5091:22656	chr6	74093656	74093688	34	+	chr22	36006474	36006493	0	+
M00571:14:000000000-A346Y:1:1114:10085:11030	chr7	44094904	44094938	37	+	chr22	36006474	36006493	0	+
M00571:14:000000000-A346Y:1:1104:9915:17734	chr7	44094904	44094938	60	+	chr7	44094903	44094939	60	-
M00571:14:000000000-A346Y:1:1104:5791:8090	chr9	86958843	86958895	52	+	chr22	36006474	36006493	0	+
M00571:14:000000000-A346Y:1:1102:12650:27656	chr7	44094904	44094936	60	+	chr7	44094903	44094937	60	-
M00571:14:000000000-A346Y:1:1110:16183:20644	chr4	123836462	123836481	40	+	chr4	123836459	123836482	45	-
M00571:14:000000000-A346Y:1:1103:15545:8288	chr7	44094904	44094938	60	+	chr7	44094903	44094939	60	-
M00571:14:000000000-A346Y:1:1110:21105:23802	chr4	123836462	123836481	40	+	chr4	123836459	123836481	45	-
M00571:14:000000000-A346Y:1:1108:20959:5281	chr4	123836462	123836481	40	+	chr4	123836459	123836482	45	-
M00571:14:000000000-A346Y:1:1102:23371:12092	chr1	85079236	85079291	60	+	chr1	85079236	85079291	60	-
M00571:14:000000000-A346Y:1:1104:14325:10625	chr8	101668706	101668805	60	+	chr8	101668787	101668885	60	-
M00571:14:000000000-A346Y:1:1111:13825:26993	chr1	85079236	85079291	60	+	chr1	85079236	85079291	60	-
M00571:14:000000000-A346Y:1:1102:25718:21547	chr1	150633654	150633701	60	+	chr1	150633653	150633701	60	-
M00571:14:000000000-A346Y:1:1113:29011:14036	chr7	44094904	44094936	60	+	chr7	44094903	44094937	60	-
M00571:14:000000000-A346Y:1:1111:11679:24371	chr1	85079236	85079291	60	+	chr1	85079236	85079291	60	-
M00571:14:000000000-A346Y:1:1112:11562:16843	chr9	134415586	134415618	60	+	chr9	134415584	134415618	60	-
M00571:14:000000000-A346Y:1:1114:18093:25546	chr4	123836462	123836481	40	+	chr4	123836459	123836481	45	-
M00571:14:000000000-A346Y:1:1109:24792:20328	chr8	124635350	124635429	60	+	chr8	124635350	124635429	60	-
M00571:14:000000000-A346Y:1:1109:26103:20061	chr7	44094904	44094938	60	+	chr7	44094903	44094939	60	-
M00571:14:000000000-A346Y:1:1103:7792:21144	chr7	44094904	44094938	60	+	chr7	44094903	44094939	60	-
M00571:14:000000000-A346Y:1:1104:14410:4919	chr6	74093656	74093688	34	+	chr22	36006474	36006493	0	+
M00571:14:000000000-A346Y:1:1114:12288:14865	chr4	123836462	123836481	40	+	chr4	123836459	123836481	45	-
M00571:14:000000000-A346Y:1:1110:12306:23080	chr4	123836462	123836481	40	+	chr4	123836459	123836482	45	-
M00571:14:000000000-A346Y:1:1112:10779:25122	chr4	123836462	123836481	40	+	chr4	123836459	123836482	45	-
M00571:14:000000000-A346Y:1:1112:15022:1410	chr7	44094904	44094936	60	+	chr7	44094903	44094937	60	-
M00571:14:000000000-A346Y:1:1114:8688:9551	chr4	123836462	123836481	40	+	chr4	123836459	123836482	45	-
M00571:14:000000000-A346Y:1:1101:9210:20187	chr18	67053837	67053868	60	+	chr18	67053835	67053868	60	-
M00571:14:000000000-A346Y:1:1113:21727:23333	chr4	123836462	123836481	40	+	chr4	123836459	123836481	45	-
M00571:14:000000000-A346Y:1:1111:14412:18371	chr6	122947051	122947076	58	+	chr6	122947049	122947077	60	-
M00571:14:000000000-A346Y:1:1109:15641:10421	chr19	36325939	36325968	27	+	chr19	36325938	36325969	37	-
M00571:14:000000000-A346Y:1:1109:10427:15457	chr4	123836462	123836481	40	+	chr4	123836459	123836481	45	-
M00571:14:000000000-A346Y:1:1113:4253:18284	chr7	44094904	44094938	60	+	chr7	44094903	44094939	60	-
M00571:14:000000000-A346Y:1:1110:4800:14528	chr4	123836462	123836481	40	+	chr4	123836459	123836482	45	-
M00571:14:000000000-A346Y:1:1102:13543:16750	chr4	123836462	123836481	40	+	chr4	123836459	123836481	45	-
M00571:14:000000000-A346Y:1:1101:12777:16660	chr7	44094904	44094936	60	+	chr7	44094903	44094937	60	-
M00571:14:000000000-A346Y:1:1112:7721:15758	chr7	44094904	44094936	60	+	chr7	44094903	44094937	60	-
M00571:14:000000000-A346Y:1:1111:21218:19761	chr10	22664145	22664244	60	+	chr10	22664175	22664277	60	-
M00571:14:000000000-A346Y:1:1113:13814:14899	chr7	44094904	44094938	60	+	chr7	44094903	44094939	60	-
M00571:14:000000000-A346Y:1:1103:3335:15080	chr4	123836462	123836481	40	+	chr4	123836459	123836482	45	-
M00571:14:000000000-A346Y:1:1107:9007:25165	chr7	44094904	44094936	60	+	chr7	44094903	44094937	60	-
M00571:14:000000000-A346Y:1:1101:18398:2330	chr6	122947051	122947076	18	+	chr6	122947049	122947077	23	-
M00571:14:000000000-A346Y:1:1108:10144:17099	chr7	44094904	44094938	60	+	chr7	44094903	44094939	60	-
M00571:14:000000000-A346Y:1:1109:11773:10952	chr6	93158466	93158486	43	+	chr6	93158465	93158486	41	-
M00571:14:000000000-A346Y:1:1108:27176:20400	chr4	123836462	123836481	40	+	chr4	123836459	123836481	45	-
M00571:14:000000000-A346Y:1:1104:14029:3248	chr4	123836462	123836481	40	+	chr4	123836459	123836482	45	-
M00571:14:000000000-A346Y:1:1113:19923:12208	chr6	122947051	122947076	18	+	chr7	120012286	120012305	0	+
M00571:14:000000000-A346Y:1:1113:10105:27018	chr7	44094904	44094936	60	+	chr7	44094903	44094937	60	-
M00571:14:000000000-A346Y:1:1108:16370:17014	chr7	44094904	44094936	60	+	chr7	44094903	44094937	60	-
M00571:14:000000000-A346Y:1:1107:9435:26815	chr12	120535388	120535487	60	+	chr22	36006474	36006493	0	+
M00571:14:000000000-A346Y:1:1102:9858:11884	chr7	44094904	44094938	60	+	chr7	44094903	44094939	60	-
M00571:14:000000000-A346Y:1:1107:27788:11638	chr4	123836462	123836481	40	+	chr4	123836459	123836481	45	-
M00571:14:000000000-A346Y:1:1105:11046:19737	chr3	17443680	17443749	60	+	chr22	36006474	36006493	0	+
M00571:14:000000000-A346Y:1:1103:19959:10573	chr3	17443680	17443749	60	+	chr3	17443679	17443749	60	-
M00571:14:000000000-A346Y:1:1102:15769:4736	chr4	123836462	123836481	40	+	chr4	123836459	123836482	45	-
M00571:14:000000000-A346Y:1:1102:20968:16132	chr7	44094904	44094938	37	+	chr22	36006474	36006493	0	+
M00571:14:000000000-A346Y:1:1111:27543:14475	chr7	44094904	44094936	60	+	chr7	44094903	44094937	60	-
M00571:14:000000000-A346Y:1:1108:23192:18416	chr17	14091031	14091081	60	+	chr17	14091031	14091081	60	-
M00571:14:000000000-A346Y:1:1104:8877:13277	chr7	44094904	44094936	60	+	chr7	44094903	44094937	60	-
M00571:14:000000000-A346Y:1:1112:25612:22669	chr3	17443680	17443749	60	+	chr3	17443679	17443749	60	-
M00571:14:000000000-A346Y:1:1103:14304:26095	chr7	44094904	44094936	34	+	chr7	120012286	120012305	0	+
M00571:14:000000000-A346Y:1:1105:10416:7459	chr7	44094904	44094938	60	+	chr7	44094903	44094939	60	-
M00571:14:000000000-A346Y:1:1103:5457:19415	chr7	44094904	44094936	60	+	chr7	44094903	44094937	60	-
M00571:14:000000000-A346Y:1:1111:13838:17691	chr4	123836462	123836481	40	+	chr4	123836459	123836481	45	-
M00571:14:000000000-A346Y:1:1110:5698:7708	chr7	44094904	44094936	60	+	chr7	44094903	44094937	60	-
M00571:14:000000000-A346Y:1:1103:8523:19960	chr4	123836462	123836481	40	+	chr4	123836459	123836482	45	-
M00571:14:000000000-A346Y:1:1103:12152:22367	chr4	123836462	123836481	40	+	chr4	123836459	123836481	45	-
M00571:14:000000000-A346Y:1:1108:16773:15968	chr4	123836462	123836481	40	+	chr4	123836459	123836482	45	-
M00571:14:000000000-A346Y:1:1113:19508:7657	chr7	44094904	44094936	60	+	chr7	44094903	44094937	60	-
M00571:14:000000000-A346Y:1:1106:13096:26062	chr4	123836462	123836481	40	+	chr4	123836459	123836482	45	-
M00571:14:000000000-A346Y:1:1107:17689:10220	chr6	74093656	74093688	34	+	chr22	36006474	36006493	0	+
M00571:14:000000000-A346Y:1:1102:2733:19647	chr7	44094904	44094936	60	+	chr7	44094903	44094937	60	-
M00571:14:000000000-A346Y:1:1105:11881:23281	chr4	123836462	123836481	40	+	chr4	123836459	123836482	45	-
M00571:14:000000000-A346Y:1:1103:5551:15259	chr4	123836462	123836481	40	+	chr4	123836459	123836482	45	-
M00571:14:000000000-A346Y:1:1112:11012:14841	chr4	123836462	123836481	40	+	chr4	123836459	123836481	45	-
M00571:14:000000000-A346Y:1:1113:12957:8370	chr4	123836462	123836481	40	+	chr4	123836459	123836481	45	-
M00571:14:000000000-A346Y:1:1106:14356:18146	chr3	62193447	62193466	40	+	chr3	62193447	62193466	40	-
M00571:14:000000000-A346Y:1:1111:27502:18951	chr6	122947051	122947076	58	+	chr6	122947049	122947077	60	-
M00571:14:000000000-A346Y:1:1105:18534:20747	chr7	44094904	44094936	60	+	chr7	44094903	44094937	60	-
M00571:14:000000000-A346Y:1:1103:13920:20370	chr3	17443680	17443744	60	+	chr3	17443679	17443744	60	-
M00571:14:000000000-A346Y:1:1103:20014:19561	chr7	44094904	44094936	60	+	chr7	44094903	44094937	60	-
M00571:14:000000000-A346Y:1:1111:27964:15522	chr4	123836462	123836481	40	+	chr4	123836459	123836482	45	-
M00571:14:000000000-A346Y:1:1106:14605:13780	chr7	44094904	44094938	60	+	chr7	44094903	44094939	60	-
M00571:14:000000000-A346Y:1:1105:14220:2978	chr7	44094904	44094938	37	+	chr22	36006474	36006493	0	+
M00571:14:000000000-A346Y:1:1106:5612:14204	chr7	44094904	44094936	60	+	chr7	44094903	44094937	60	-
M00571:14:000000000-A346Y:1:1110:7597:17822	chr3	17443680	17443744	60	+	chr3	17443679	17443744	60	-
M00571:14:000000000-A346Y:1:1113:27113:18665	chr7	44094904	44094936	60	+	chr7	44094903	44094937	60	-
M00571:14:000000000-A346Y:1:1103:13306:14036	chr7	44094904	44094938	60	+	chr7	44094903	44094939	60	-
M00571:14:000000000-A346Y:1:1110:16509:10424	chr6	26526645	26526742	60	+	chr6	26526645	26526742	60	-
M00571:14:000000000-A346Y:1:1111:22996:16350	chr4	123836462	123836481	40	+	chr4	123836459	123836482	45	-
M00571:14:000000000-A346Y:1:1113:22303:16484	chr7	44094904	44094936	60	+	chr7	44094903	44094937	60	-
M00571:14:000000000-A346Y:1:1107:21568:3223	chr7	44094904	44094938	60	+	chr7	44094903	44094939	60	-
M00571:14:000000000-A346Y:1:1104:3633:20717	chr19	883608	883676	60	+	chr19	883608	883676	60	-
M00571:14:000000000-A346Y:1:1109:23524:19123	chr7	44094904	44094938	60	+	chr7	44094903	44094939	60	-
M00571:14:000000000-A346Y:1:1108:3823:21325	chr4	123836462	123836481	40	+	chr4	123836459	123836481	45	-
M00571:14:000000000-A346Y:1:1104:25514:6833	chr4	123836462	123836481	40	+	chr4	123836459	123836481	45	-
M00571:14:000000000-A346Y:1:1114:12807:11230	chr7	44094904	44094938	37	+	chr22	36006474	36006493	0	+
M00571:14:000000000-A346Y:1:1110:7143:18515	chr12	120535388	120535487	60	+	chr12	120535447	120535495	60	-
M00571:14:000000000-A346Y:1:1111:8477:13097	chr7	44094904	44094936	60	+	chr7	44094903	44094937	60	-
M00571:14:000000000-A346Y:1:1105:21752:27016	chr4	123836462	123836481	40	+	chr4	123836459	123836481	45	-
M00571:14:000000000-A346Y:1:1101:9901:4325	chr1	31480580	31480679	60	+	chr1	31480647	31480749	60	-
M00571:14:000000000-A346Y:1:1107:5768:15717	chr4	123836462	123836481	40	+	chr4	123836459	123836481	45	-
M00571:14:000000000-A346Y:1:1104:4596:8009	chr4	123836462	123836481	40	+	chr4	123836459	123836482	45	-
M00571:14:000000000-A346Y:1:1102:7737:22363	chr6	74093656	74093688	34	+	chr22	36006474	36006493	0	+
M00571:14:000000000-A346Y:1:1109:22825:5830	chr7	44094904	44094936	34	+	chr8	14954013	14954035	13	-
M00571:14:000000000-A346Y:1:1107:27774:17512	chr7	44094904	44094936	60	+	chr7	44094903	44094937	60	-
M00571:14:000000000-A346Y:1:1113:12432:14187	chr4	123836462	123836481	40	+	chr4	123836459	123836481	45	-
M00571:14:000000000-A346Y:1:1109:23750:8684	chr4	123836462	123836481	40	+	chr4	123836459	123836481	45	-
M00571:14:000000000-A346Y:1:1114:8202:23694	chr12	111922465	111922519	60	+	chr12	111922464	111922519	60	-
M00571:14:000000000-A346Y:1:1109:21923:9670	chr12	120535388	120535487	60	+	chr22	36006474	36006493	0	+
M00571:14:000000000-A346Y:1:1109:23028:23977	chr7	44094904	44094936	60	+	chr7	44094903	44094937	60	-
M00571:14:000000000-A346Y:1:1110:12569:13041	chr4	123836462	123836481	40	+	chr4	123836459	123836482	45	-
M00571:14:000000000-A346Y:1:1105:15126:27593	chr4	123836462	123836481	40	+	chr4	123836459	123836481	45	-
M00571:14:000000000-A346Y:1:1112:23958:15345	chr3	153187663	153187701	53	+	chr22	36006474	36006493	0	+
M00571:14:000000000-A346Y:1:1112:16732:24462	chr7	44094904	44094936	60	+	chr7	44094903	44094937	60	-
M00571:14:000000000-A346Y:1:1106:19508:22196	chr7	44094904	44094936	60	+	chr7	44094903	44094937	60	-
M00571:14:000000000-A346Y:1:1110:8839:22191	chr7	44094904	44094938	60	+	chr7	44094903	44094939	60	-
M00571:14:000000000-A346Y:1:1104:2495:14135	chr7	44094904	44094938	37	+	chr22	36006474	36006493	0	+
M00571:14:000000000-A346Y:1:1112:20923:16300	chr12	120535388	120535487	60	+	chr12	120535393	120535495	60	-
M00571:14:000000000-A346Y:1:1110:12830:21715	chr4	123836462	123836481	40	+	chr4	123836459	123836482	45	-
M00571:14:000000000-A346Y:1:1108:4615:19298	chr4	123836462	123836481	40	+	chr4	123836459	123836481	45	-
M00571:14:000000000-A346Y:1:1109:26192:6971	chr4	123836462	123836481	40	+	chr4	123836459	123836481	45	-
M00571:14:000000000-A346Y:1:1107:8566:24569	chr7	44094904	44094938	60	+	chr7	44094903	44094939	60	-
M00571:14:000000000-A346Y:1:1114:9964:23520	chr4	123836462	123836481	40	+	chr4	123836459	123836481	45	-
M00571:14:000000000-A346Y:1:1103:20857:19226	chr7	44094904	44094938	60	+	chr7	44094903	44094939	60	-
M00571:14:000000000-A346Y:1:1107:10892:15106	chr7	44094904	44094936	60	+	chr7	44094903	44094937	60	-
M00571:14:000000000-A346Y:1:1111:20172:26576	chr7	44094904	44094938	60	+	chr7	44094903	44094939	60	-
M00571:14:000000000-A346Y:1:1107:14783:9277	chr1	150633654	150633701	42	+	chr22	36006474	36006493	0	+
M00571:14:000000000-A346Y:1:1105:21458:9285	chr7	44094904	44094936	60	+	chr7	44094903	44094937	60	-
M00571:14:000000000-A346Y:1:1111:19975:27259	chr8	134495422	134495521	60	+	chr8	134495423	134495525	60	-
M00571:14:000000000-A346Y:1:1109:11071:11038	chr4	123836462	123836481	40	+	chr4	123836459	123836481	45	-
M00571:14:000000000-A346Y:1:1110:28027:20087	chr7	44094904	44094938	60	+	chr7	44094903	44094939	60	-
M00571:14:000000000-A346Y:1:1108:20963:4221	chr4	123836462	123836481	40	+	chr4	123836459	123836482	45	-
M00571:14:000000000-A346Y:1:1112:12935:11742	chr4	123836462	123836481	40	+	chr4	123836459	123836481	45	-
M00571:14:000000000-A346Y:1:1114:6241:22464	chr7	44094904	44094938	60	+	chr7	44094903	44094939	60	-
M00571:14:000000000-A346Y:1:1112:19374:13069	chr6	26526645	26526742	60	+	chr6	26526645	26526742	60	-
M00571:14:000000000-A346Y:1:1107:8214:5130	chr7	44094904	44094938	37	+	chr22	36006474	36006493	0	+
M00571:14:000000000-A346Y:1:1113:28820:16271	chr7	44094904	44094938	60	+	chr7	44094903	44094939	60	-
M00571:14:000000000-A346Y:1:1105:13155:7711	chr4	123836462	123836481	40	+	chr4	123836459	123836481	45	-
M00571:14:000000000-A346Y:1:1113:8364:13087	chr6	26526645	26526742	60	+	chr6	26526645	26526742	60	-
M00571:14:000000000-A346Y:1:1103:12909:17303	chr12	120535388	120535487	60	+	chr12	120535393	120535495	60	-
M00571:14:000000000-A346Y:1:1102:13599:23334	chr4	123836462	123836481	40	+	chr4	123836459	123836482	45	-
M00571:14:000000000-A346Y:1:1101:7395:21644	chr7	44094904	44094938	60	+	chr7	44094903	44094939	60	-
M00571:14:000000000-A346Y:1:1110:15164:23607	chr6	26526645	26526742	60	+	chr22	36006474	36006493	0	+
M00571:14:000000000-A346Y:1:1105:26879:13456	chr12	120535388	120535487	60	+	chr12	120535393	120535495	60	-
M00571:14:000000000-A346Y:1:1101:25785:17462	chr7	44094904	44094936	60	+	chr7	44094903	44094937	60	-
M00571:14:000000000-A346Y:1:1111:22897:21985	chr6	122947051	122947076	58	+	chr6	122947049	122947077	60	-
M00571:14:000000000-A346Y:1:1111:22691:20702	chr12	96401203	96401269	60	+	chr12	96401203	96401269	60	-
M00571:14:000000000-A346Y:1:1113:18978:14225	chr7	44094904	44094938	37	+	chr22	36006474	36006493	0	+
M00571:14:000000000-A346Y:1:1103:3692:16003	chr4	123836462	123836481	40	+	chr4	123836459	123836481	45	-
M00571:14:000000000-A346Y:1:1103:13137:6100	chr7	44094904	44094938	60	+	chr7	44094903	44094939	60	-
M00571:14:000000000-A346Y:1:1110:14136:18470	chr7	44094904	44094938	60	+	chr7	44094903	44094939	60	-
M00571:14:000000000-A346Y:1:1113:9045:5937	chr4	123836462	123836481	40	+	chr4	123836459	123836481	45	-
M00571:14:000000000-A346Y:1:1102:12189:4046	chr7	44094904	44094938	37	+	chr22	36006474	36006493	0	+
M00571:14:000000000-A346Y:1:1110:22357:16077	chr4	123836462	123836481	40	+	chr4	123836459	123836481	45	-
M00571:14:000000000-A346Y:1:1108:7945:6335	chr6	74093656	74093688	34	+	chr22	36006474	36006493	0	+
M00571:14:000000000-A346Y:1:1101:13067:13937	chr7	44094904	44094936	60	+	chr7	44094903	44094937	60	-
M00571:14:000000000-A346Y:1:1101:23588:25461	chr7	44094904	44094936	60	+	chr7	44094903	44094937	60	-
M00571:14:000000000-A346Y:1:1102:20470:13273	chr6	74093656	74093688	34	+	chr22	36006474	36006493	0	+
M00571:14:000000000-A346Y:1:1111:16559:15491	chr4	123836462	123836481	40	+	chr4	123836459	123836481	45	-
M00571:14:000000000-A346Y:1:1107:8563:14420	chr6	122947051	122947076	58	+	chr6	122947049	122947077	60	-
M00571:14:000000000-A346Y:1:1105:8916:14135	chr3	17443680	17443703	53	+	chr3	17443679	17443703	56	-
M00571:14:000000000-A346Y:1:1107:16503:18447	chr6	99352116	99352208	60	+	chr22	36006474	36006493	0	+
M00571:14:000000000-A346Y:1:1114:14948:10520	chr4	123836462	123836481	40	+	chr4	123836459	123836481	45	-
M00571:14:000000000-A346Y:1:1111:18126:12670	chr8	134495422	134495521	60	+	chr8	134495422	134495525	60	-
M00571:14:000000000-A346Y:1:1113:3186:19350	chr7	44094904	44094936	60	+	chr7	44094903	44094937	60	-
M00571:14:000000000-A346Y:1:1102:10002:8333	chr7	44094904	44094936	60	+	chr7	44094903	44094937	60	-
M00571:14:000000000-A346Y:1:1113:24584:8730	chr4	123836462	123836481	40	+	chr4	123836459	123836482	45	-
M00571:14:000000000-A346Y:1:1110:20679:8077	chr4	123836462	123836481	40	+	chr4	123836459	123836481	45	-
M00571:14:000000000-A346Y:1:1109:9102:17408	chr4	123836462	123836481	40	+	chr4	123836459	123836482	45	-
M00571:14:000000000-A346Y:1:1103:4155:8443	chr7	44094904	44094936	60	+	chr7	44094903	44094937	60	-
M00571:14:000000000-A346Y:1:1114:17202:18601	chr4	123836462	123836481	40	+	chr4	123836459	123836482	45	-
M00571:14:000000000-A346Y:1:1111:16141:3493	chr3	17443680	17443749	60	+	chr3	17443685	17443744	60	-
M00571:14:000000000-A346Y:1:1111:22062:14407	chr3	17443680	17443749	60	+	chr3	17443679	17443749	60	-
M00571:14:000000000-A346Y:1:1104:17334:26522	chr7	44094904	44094938	37	+	chr22	36006474	36006493	0	+
M00571:14:000000000-A346Y:1:1105:2542:13336	chr4	123836462	123836481	40	+	chr4	123836459	123836482	45	-
M00571:14:000000000-A346Y:1:1113:16803:1494	chr4	123836462	123836481	40	+	chr4	123836459	123836482	45	-
M00571:14:000000000-A346Y:1:1102:18551:6399	chr2	203077711	203077810	60	+	chr22	36006474	36006493	0	+
M00571:14:000000000-A346Y:1:1102:2605:12507	chr4	123836462	123836481	40	+	chr4	123836459	123836482	45	-
M00571:14:000000000-A346Y:1:1108:6874:13751	chr7	44094904	44094936	60	+	chr7	44094903	44094937	60	-
M00571:14:000000000-A346Y:1:1110:18274:21425	chr7	44094904	44094936	60	+	chr7	44094903	44094937	60	-
M00571:14:000000000-A346Y:1:1101:16052:23738	chr7	44094904	44094938	60	+	chr7	44094903	44094939	60	-
M00571:14:000000000-A346Y:1:1113:21982:23447	chr3	153187663	153187701	47	+	chr22	36006474	36006493	0	+
M00571:14:000000000-A346Y:1:1107:11796:21368	chr4	123836462	123836481	40	+	chr4	123836459	123836482	45	-
M00571:14:000000000-A346Y:1:1104:18612:27557	chr4	123836462	123836481	40	+	chr4	123836459	123836482	45	-
M00571:14:000000000-A346Y:1:1103:16362:21316	chr8	134495422	134495521	60	+	chr8	134495423	134495525	60	-
M00571:14:000000000-A346Y:1:1103:6199:15353	chr19	47929569	47929603	60	+	chr19	47929569	47929603	60	-
M00571:14:000000000-A346Y:1:1111:27393:12035	chr6	74093656	74093688	34	+	chr22	36006474	36006493	0	+
M00571:14:000000000-A346Y:1:1112:15331:20968	chr6	122947051	122947076	18	+	chr22	36006474	36006493	0	+
M00571:14:000000000-A346Y:1:1112:28315:18107	chr7	44094904	44094936	60	+	chr7	44094903	44094937	60	-
M00571:14:000000000-A346Y:1:1107:19504:28207	chr4	123836462	123836481	40	+	chr4	123836459	123836481	45	-
M00571:14:000000000-A346Y:1:1113:17437:6643	chr4	123836462	123836481	40	+	chr4	123836459	123836482	45	-
M00571:14:000000000-A346Y:1:1108:16807:24598	chr17	27754451	27754483	60	+	chr17	27754449	27754483	60	-
M00571:14:000000000-A346Y:1:1101:15758:16356	chr7	44094904	44094936	60	+	chr7	44094903	44094937	60	-
M00571:14:000000000-A346Y:1:1109:25506:11610	chr4	123836462	123836481	40	+	chr4	123836459	123836481	45	-
M00571:14:000000000-A346Y:1:1104:24340:16546	chr4	39629764	39629863	60	+	chr4	39629764	39629864	60	-
M00571:14:000000000-A346Y:1:1104:14685:20986	chr7	44094904	44094938	60	+	chr7	44094903	44094939	60	-
M00571:14:000000000-A346Y:1:1104:17277:7941	chr4	123836462	123836481	40	+	chr4	123836459	123836482	45	-
M00571:14:000000000-A346Y:1:1113:16417:24120	chr4	123836462	123836481	40	+	chr4	123836459	123836481	45	-
M00571:14:000000000-A346Y:1:1108:10566:17434	chr4	123836462	123836481	40	+	chr4	123836459	123836481	45	-
M00571:14:000000000-A346Y:1:1102:3424:20630	chr7	44094904	44094936	60	+	chr7	44094903	44094937	60	-
M00571:14:000000000-A346Y:1:1110:7573:12478	chr7	44094904	44094936	60	+	chr7	44094903	44094937	60	-
M00571:14:000000000-A346Y:1:1114:23111:21038	chr4	123836462	123836481	40	+	chr4	123836459	123836481	45	-
M00571:14:000000000-A346Y:1:1112:9715:22415	chr3	196907039	196907138	60	+	chr3	196907290	196907353	60	-
M00571:14:000000000-A346Y:1:1109:19389:28122	chr7	44094904	44094936	60	+	chr7	44094903	44094937	60	-
M00571:14:000000000-A346Y:1:1113:9256:8809	chr7	44094904	44094936	60	+	chr7	44094903	44094937	60	-
M00571:14:000000000-A346Y:1:1103:15163:22430	chr7	44094904	44094938	60	+	chr7	44094903	44094939	60	-
M00571:14:000000000-A346Y:1:1106:23856:24894	chr7	44094904	44094938	60	+	chr7	44094903	44094939	60	-
M00571:14:000000000-A346Y:1:1113:11024:26593	chr19	13589825	13589924	60	+	chr19	13589879	13589981	60	-
M00571:14:000000000-A346Y:1:1105:6612:5471	chr7	44094904	44094936	60	+	chr7	44094903	44094937	60	-
M00571:14:000000000-A346Y:1:1102:6305:9147	chr4	123836462	123836481	40	+	chr4	123836459	123836482	45	-
M00571:14:000000000-A346Y:1:1105:29310:13151	chr4	123836462	123836481	40	+	chr4	123836459	123836481	45	-
M00571:14:000000000-A346Y:1:1106:11002:21670	chr4	123836462	123836481	40	+	chr4	123836459	123836482	45	-
M00571:14:000000000-A346Y:1:1104:10471:5860	chr4	123836462	123836481	40	+	chr4	123836459	123836482	45	-
M00571:14:000000000-A346Y:1:1107:5519:17971	chr7	44094904	44094936	34	+	chr7	44094903	44094937	35	-
M00571:14:000000000-A346Y:1:1107:19143:6880	chr6	26526645	26526742	60	+	chr6	26526645	26526742	60	-
M00571:14:000000000-A346Y:1:1108:7021:18140	chr12	120535388	120535487	60	+	chr22	36006474	36006493	0	+
M00571:14:000000000-A346Y:1:1101:16474:23284	chr15	58374710	58374809	60	+	chr15	58374765	58374867	60	-
M00571:14:000000000-A346Y:1:1112:22723:13807	chr12	120535388	120535487	60	+	chr22	36006474	36006493	0	+
M00571:14:000000000-A346Y:1:1114:19430:27128	chr18	7100846	7100878	60	+	chr18	7100846	7100878	50	-
M00571:14:000000000-A346Y:1:1102:22410:20051	chr7	44094904	44094936	60	+	chr7	44094903	44094937	60	-
M00571:14:000000000-A346Y:1:1108:12741:7589	chr4	123836462	123836481	40	+	chr4	123836459	123836481	45	-
M00571:14:000000000-A346Y:1:1104:14122:19814	chr7	44094904	44094938	37	+	chrX	70605419	70605438	0	-
M00571:14:000000000-A346Y:1:1112:7211:15167	chr6	38008850	38008912	60	+	chr22	36006474	36006493	0	+
M00571:14:000000000-A346Y:1:1113:18330:23728	chr7	81302881	81302917	49	+	chrX	70605420	70605440	4	-
M00571:14:000000000-A346Y:1:1113:4439:13857	chr7	44094904	44094936	60	+	chr7	44094903	44094937	60	-
M00571:14:000000000-A346Y:1:1103:13550:24192	chr4	123836462	123836481	40	+	chr4	123836459	123836481	45	-
M00571:14:000000000-A346Y:1:1113:9152:21807	chr6	26526645	26526742	60	+	chr6	26526645	26526742	60	-
M00571:14:000000000-A346Y:1:1111:9573:19851	chr4	123836462	123836481	40	+	chr4	123836459	123836481	45	-
M00571:14:000000000-A346Y:1:1106:27680:18319	chr18	67053837	67053868	60	+	chr18	67053835	67053868	60	-
M00571:14:000000000-A346Y:1:1108:7894:14146	chr12	120535388	120535487	60	+	chr12	120535393	120535495	60	-
M00571:14:000000000-A346Y:1:1112:19088:10356	chr4	123836462	123836481	40	+	chr4	123836459	123836481	45	-
M00571:14:000000000-A346Y:1:1105:5438:11670	chr7	44094904	44094938	37	+	chr22	36006474	36006493	0	+
M00571:14:000000000-A346Y:1:1101:18822:3483	chr7	44094904	44094936	60	+	chr7	44094903	44094937	60	-
M00571:14:000000000-A346Y:1:1112:25366:12556	chr4	123836462	123836481	40	+	chr4	123836459	123836482	45	-
M00571:14:000000000-A346Y:1:1107:15094:7365	chr7	44094904	44094936	60	+	chr7	44094903	44094937	60	-
M00571:14:000000000-A346Y:1:1101:7658:19788	chr7	44094904	44094936	60	+	chr7	44094903	44094937	60	-
M00571:14:000000000-A346Y:1:1102:12866:9844	chr19	38490471	38490508	51	+	chr19	38490471	38490507	51	-
M00571:14:000000000-A346Y:1:1111:18159:21853	chr8	134495422	134495521	51	+	chr22	36006474	36006493	0	+
M00571:14:000000000-A346Y:1:1114:22205:9433	chr3	17443680	17443744	60	+	chr22	36006474	36006493	0	+
M00571:14:000000000-A346Y:1:1106:11662:17595	chr7	44094904	44094938	60	+	chr7	44094903	44094939	60	-
M00571:14:000000000-A346Y:1:1106:13032:26772	chr17	57796686	57796757	60	+	chr17	57796685	57796748	46	-
M00571:14:000000000-A346Y:1:1114:11902:25974	chr7	44094904	44094938	60	+	chr7	44094903	44094939	60	-
M00571:14:000000000-A346Y:1:1112:6838:23820	chr7	44094904	44094936	60	+	chr7	44094903	44094937	60	-
M00571:14:000000000-A346Y:1:1106:7718:9758	chr4	123836462	123836481	40	+	chr4	123836459	123836482	45	-
M00571:14:000000000-A346Y:1:1113:16756:4675	chr12	120535388	120535487	60	+	chr22	36006474	36006493	0	+
M00571:14:000000000-A346Y:1:1107:9412:25989	chr4	123836462	123836481	40	+	chr4	123836459	123836482	45	-
M00571:14:000000000-A346Y:1:1108:19737:21362	chr6	26526645	26526742	60	+	chr6	26526645	26526742	60	-
M00571:14:000000000-A346Y:1:1109:13299:14488	chr4	123836462	123836481	40	+	chr4	123836459	123836482	45	-
M00571:14:000000000-A346Y:1:1113:24673:9311	chr6	31523334	31523361	29	+	chr13	74075640	74075659	0	+
M00571:14:000000000-A346Y:1:1105:5808:20883	chr7	44094904	44094938	60	+	chr7	44094903	44094939	60	-
M00571:14:000000000-A346Y:1:1104:4856:22280	chr4	123836462	123836481	40	+	chr4	123836459	123836482	45	-
M00571:14:000000000-A346Y:1:1107:13692:21690	chr12	120535388	120535487	60	+	chr22	36006474	36006493	0	+
M00571:14:000000000-A346Y:1:1113:12440:6489	chr4	123836462	123836481	40	+	chr4	123836459	123836481	45	-
M00571:14:000000000-A346Y:1:1105:14898:11795	chr7	44094904	44094936	60	+	chr7	44094903	44094937	60	-
M00571:14:000000000-A346Y:1:1102:17545:9315	chr4	123836462	123836481	40	+	chr4	123836459	123836481	45	-
M00571:14:000000000-A346Y:1:1107:14531:5531	chr17	46127882	46127981	60	+	chr17	46127926	46128028	60	-
M00571:14:000000000-A346Y:1:1113:20216:17064	chr11	35761484	35761563	60	+	chr11	35761488	35761563	60	-
M00571:14:000000000-A346Y:1:1102:9216:5015	chr4	123836462	123836481	40	+	chr4	123836459	123836481	45	-
M00571:14:000000000-A346Y:1:1105:19406:8821	chr7	44094904	44094936	60	+	chr7	44094903	44094937	60	-
M00571:14:000000000-A346Y:1:1114:19652:8878	chr18	67053837	67053868	60	+	chr18	67053835	67053868	60	-
M00571:14:000000000-A346Y:1:1110:26240:7201	chr7	67441676	67441695	40	+	chr7	67441675	67441695	41	-
M00571:14:000000000-A346Y:1:1103:22372:24152	chr4	123836462	123836481	40	+	chr4	123836459	123836482	45	-
M00571:14:000000000-A346Y:1:1108:15042:25384	chr4	123836462	123836481	40	+	chr4	123836459	123836482	45	-
M00571:14:000000000-A346Y:1:1107:22994:22573	chr4	123836462	123836481	40	+	chr4	123836459	123836482	45	-
M00571:14:000000000-A346Y:1:1111:21151:6886	chr4	123836462	123836481	40	+	chr4	123836459	123836482	45	-
M00571:14:000000000-A346Y:1:1107:7309:24051	chr4	123836462	123836481	40	+	chr4	123836459	123836482	45	-
M00571:14:000000000-A346Y:1:1111:8866:17725	chr4	123836462	123836481	40	+	chr4	123836459	123836482	45	-
M00571:14:000000000-A346Y:1:1112:21600:25364	chr6	122947051	122947076	58	+	chr6	122947049	122947077	60	-
M00571:14:000000000-A346Y:1:1110:4327:16652	chr7	44094904	44094938	60	+	chr7	44094903	44094939	60	-
M00571:14:000000000-A346Y:1:1104:16545:15475	chr7	44094904	44094938	60	+	chr7	44094903	44094939	60	-
M00571:14:000000000-A346Y:1:1108:3465:17742	chr4	164632389	164632480	60	+	chr4	164632389	164632480	60	-
M00571:14:000000000-A346Y:1:1103:22939:25497	chr6	122947051	122947076	58	+	chr6	122947049	122947077	60	-
M00571:14:000000000-A346Y:1:1106:12830:16061	chr6	26526645	26526742	60	+	chr6	26526645	26526742	60	-
M00571:14:000000000-A346Y:1:1110:24657:23398	chr4	123836462	123836481	40	+	chr4	123836459	123836482	45	-
M00571:14:000000000-A346Y:1:1105:21392:6868	chr4	123836462	123836481	40	+	chr4	123836459	123836482	45	-
M00571:14:000000000-A346Y:1:1111:9017:16433	chr19	18104557	18104591	60	+	chr19	18104556	18104591	60	-
M00571:14:000000000-A346Y:1:1103:19339:9590	chr7	44094904	44094936	60	+	chr7	44094903	44094937	60	-
M00571:14:000000000-A346Y:1:1107:10773:15736	chr12	120535388	120535487	60	+	chr12	120535419	120535495	60	-
M00571:14:000000000-A346Y:1:1101:15537:24644	chr4	123836462	123836481	40	+	chr4	123836459	123836481	45	-
M00571:14:000000000-A346Y:1:1104:21285:13069	chr7	44094904	44094936	60	+	chr7	44094903	44094937	60	-
M00571:14:000000000-A346Y:1:1105:26111:8900	chr4	123836462	123836481	40	+	chr4	123836459	123836482	45	-
M00571:14:000000000-A346Y:1:1113:12497:17226	chr7	44094904	44094936	60	+	chr7	44094903	44094937	60	-
M00571:14:000000000-A346Y:1:1106:27932:13449	chr4	123836462	123836481	40	+	chr4	123836459	123836482	45	-
M00571:14:000000000-A346Y:1:1106:13272:2867	chr12	120535388	120535488	60	+	chr22	36006474	36006493	0	+
M00571:14:000000000-A346Y:1:1112:25593:7370	chr7	44094904	44094936	60	+	chr7	44094903	44094937	60	-
M00571:14:000000000-A346Y:1:1102:17014:19927	chr6	74093656	74093688	34	+	chr22	36006474	36006493	0	+
M00571:14:000000000-A346Y:1:1106:3513:19518	chr7	44094904	44094936	60	+	chr7	44094903	44094937	60	-
M00571:14:000000000-A346Y:1:1114:16415:10100	chr4	123836462	123836481	40	+	chr4	123836459	123836481	45	-
M00571:14:000000000-A346Y:1:1112:23204:24869	chr19	883608	883676	60	+	chr19	883608	883676	60	-
M00571:14:000000000-A346Y:1:1111:24723:16879	chr7	44094904	44094936	60	+	chr7	44094903	44094937	60	-
M00571:14:000000000-A346Y:1:1113:15065:17229	chr19	18104557	18104591	60	+	chr19	18104556	18104597	60	-
M00571:14:000000000-A346Y:1:1112:28828:13462	chr15	58374710	58374809	60	+	chr15	58374765	58374867	60	-
M00571:14:000000000-A346Y:1:1113:28610:13201	chr10	101719080	101719106	60	+	chr10	101719079	101719107	60	-
M00571:14:000000000-A346Y:1:1114:15392:3096	chr6	74093656	74093688	34	+	chr22	36006474	36006493	0	+
M00571:14:000000000-A346Y:1:1112:10484:11291	chr4	123836462	123836481	40	+	chr4	123836459	123836481	45	-
M00571:14:000000000-A346Y:1:1103:19760:18708	chr4	123836462	123836481	40	+	chr4	123836459	123836482	45	-
M00571:14:000000000-A346Y:1:1101:9900:10766	chr4	39629764	39629863	60	+	chr4	39629764	39629864	60	-
M00571:14:000000000-A346Y:1:1111:24593:11047	chr10	101118593	101118613	43	+	chr10	101118591	101118613	53	-
M00571:14:000000000-A346Y:1:1109:16332:4775	chr7	44094904	44094938	60	+	chr7	44094903	44094939	60	-
M00571:14:000000000-A346Y:1:1109:16626:21824	chr7	44094904	44094938	60	+	chr7	44094903	44094939	60	-
M00571:14:000000000-A346Y:1:1112:22249:16775	chr4	123836462	123836481	40	+	chr4	123836459	123836482	45	-
M00571:14:000000000-A346Y:1:1102:18373:7362	chr3	17443680	17443749	60	+	chr3	17443679	17443749	60	-
M00571:14:000000000-A346Y:1:1106:10712:10027	chr3	17443680	17443749	60	+	chr3	17443679	17443749	60	-
M00571:14:000000000-A346Y:1:1103:13081:21061	chr6	74093656	74093688	34	+	chr22	36006474	36006493	0	+
M00571:14:000000000-A346Y:1:1113:25914:13582	chr3	17443680	17443749	60	+	chr3	17443679	17443749	60	-
M00571:14:000000000-A346Y:1:1109:19381:7069	chr15	68185876	68185907	60	+	chr15	68185874	68185907	60	-
M00571:14:000000000-A346Y:1:1108:22928:12895	chr4	123836462	123836481	40	+	chr4	123836459	123836481	45	-
M00571:14:000000000-A346Y:1:1103:20740:6867	chr6	122947051	122947076	58	+	chr6	122947049	122947077	60	-
M00571:14:000000000-A346Y:1:1103:22623:12889	chr7	44094904	44094938	60	+	chr7	44094903	44094939	60	-
M00571:14:000000000-A346Y:1:1109:11903:10806	chr4	123836462	123836481	40	+	chr4	123836459	123836482	45	-
M00571:14:000000000-A346Y:1:1113:8836:19220	chr7	44094904	44094936	60	+	chr7	44094903	44094937	60	-
M00571:14:000000000-A346Y:1:1112:22725:22258	chr7	44094904	44094936	34	+	chrX	133516054	133516074	4	-
M00571:14:000000000-A346Y:1:1106:5510:17576	chr7	44094904	44094938	60	+	chr7	44094903	44094939	60	-
M00571:14:000000000-A346Y:1:1113:27792:16033	chr10	83445807	83445827	40	+	chr10	83445805	83445827	49	-
M00571:14:000000000-A346Y:1:1107:12949:13913	chr4	123836462	123836481	40	+	chr4	123836459	123836481	45	-
M00571:14:000000000-A346Y:1:1112:24495:22195	chr4	123836462	123836481	40	+	chr4	123836459	123836482	45	-
M00571:14:000000000-A346Y:1:1105:5979:6230	chr4	123836462	123836481	40	+	chr4	123836459	123836481	45	-
M00571:14:000000000-A346Y:1:1112:14022:19078	chr4	123836462	123836481	40	+	chr4	123836459	123836481	45	-
M00571:14:000000000-A346Y:1:1104:3341:20074	chr1	85079236	85079291	60	+	chr1	85079236	85079291	60	-
M00571:14:000000000-A346Y:1:1109:19431:8869	chr6	74093656	74093688	34	+	chr22	36006474	36006493	0	+
M00571:14:000000000-A346Y:1:1107:18350:13183	chr4	123836462	123836481	40	+	chr4	123836459	123836481	45	-
M00571:14:000000000-A346Y:1:1105:21040:8166	chr7	44094904	44094936	60	+	chr7	44094903	44094937	60	-
M00571:14:000000000-A346Y:1:1102:18658:7584	chr17	14091031	14091081	60	+	chr17	14091031	14091081	60	-
M00571:14:000000000-A346Y:1:1103:9644:25363	chr4	123836462	123836481	40	+	chr4	123836459	123836481	45	-
M00571:14:000000000-A346Y:1:1107:6899:11585	chr6	122947051	122947076	18	+	chr22	36006474	36006493	0	+
M00571:14:000000000-A346Y:1:1111:17096:21399	chr4	123836462	123836481	40	+	chr4	123836459	123836482	45	-
M00571:14:000000000-A346Y:1:1103:11866:27538	chr4	123836462	123836481	40	+	chr4	123836459	123836482	45	-
M00571:14:000000000-A346Y:1:1103:11733:16344	chr4	123836462	123836481	40	+	chr4	123836459	123836481	45	-
M00571:14:000000000-A346Y:1:1113:8620:19185	chr7	44094904	44094936	60	+	chr7	44094903	44094937	60	-
M00571:14:000000000-A346Y:1:1111:17674:25671	chr4	123836462	123836481	40	+	chr4	123836459	123836481	45	-
M00571:14:000000000-A346Y:1:1103:4735:11648	chr7	44094904	44094936	60	+	chr7	44094903	44094937	60	-
M00571:14:000000000-A346Y:1:1106:15608:27384	chr4	123836462	123836481	40	+	chr4	123836459	123836481	45	-
M00571:14:000000000-A346Y:1:1113:8627:7474	chr4	123836462	123836481	40	+	chr4	123836459	123836482	45	-
M00571:14:000000000-A346Y:1:1110:14457:7460	chr4	123836462	123836481	40	+	chr4	123836459	123836481	45	-
M00571:14:000000000-A346Y:1:1105:14655:11827	chr4	123836462	123836481	40	+	chr4	123836459	123836481	45	-
M00571:14:000000000-A346Y:1:1107:20123:26883	chr4	123836462	123836481	40	+	chr4	123836459	123836481	45	-
M00571:14:000000000-A346Y:1:1108:25958:21532	chr7	44094904	44094938	60	+	chr7	44094903	44094939	60	-
M00571:14:000000000-A346Y:1:1110:3358:12348	chr6	122947051	122947076	18	+	chr22	36006474	36006493	0	+
M00571:14:000000000-A346Y:1:1106:26299:18239	chr7	44094904	44094936	60	+	chr7	44094903	44094937	60	-
M00571:14:000000000-A346Y:1:1114:16764:25563	chr7	44094904	44094936	60	+	chr7	44094903	44094937	60	-
M00571:14:000000000-A346Y:1:1103:6492:10731	chr4	123836462	123836481	40	+	chr4	123836459	123836482	45	-
M00571:14:000000000-A346Y:1:1105:26031:7493	chr12	120535388	120535487	60	+	chr12	120535393	120535495	60	-
M00571:14:000000000-A346Y:1:1106:12835:26352	chr1	150633654	150633701	42	+	chr22	36006474	36006493	0	+
M00571:14:000000000-A346Y:1:1112:18435:22745	chr4	123836462	123836481	40	+	chr4	123836459	123836481	45	-
M00571:14:000000000-A346Y:1:1112:7089:6755	chr1	85079236	85079291	60	+	chr1	85079236	85079291	60	-
M00571:14:000000000-A346Y:1:1114:27447:8292	chr4	123836462	123836481	40	+	chr4	123836459	123836482	45	-
M00571:14:000000000-A346Y:1:1106:9312:13166	chr7	44094904	44094938	60	+	chr7	44094903	44094939	60	-
M00571:14:000000000-A346Y:1:1107:10363:17171	chr7	44094904	44094938	37	+	chr22	36006474	36006493	0	+
M00571:14:000000000-A346Y:1:1106:11657:11714	chr4	123836462	123836481	40	+	chr4	123836459	123836481	45	-
M00571:14:000000000-A346Y:1:1106:10871:24716	chr7	44094904	44094936	60	+	chr7	44094903	44094937	60	-
M00571:14:000000000-A346Y:1:1109:24941:16383	chr15	58374710	58374809	60	+	chr22	36006474	36006493	0	+
M00571:14:000000000-A346Y:1:1107:20224:27354	chr4	123836462	123836481	40	+	chr4	123836459	123836481	45	-
M00571:14:000000000-A346Y:1:1101:21567:11507	chr4	123836462	123836481	40	+	chr4	123836459	123836481	45	-
M00571:14:000000000-A346Y:1:1109:16516:17541	chr7	44094904	44094936	60	+	chr7	44094903	44094937	60	-
M00571:14:000000000-A346Y:1:1113:21631:16432	chr4	123836462	123836481	40	+	chr4	123836459	123836481	40	-
M00571:14:000000000-A346Y:1:1109:20776:21974	chr1	85079236	85079291	60	+	chr1	85079263	85079290	60	-
M00571:14:000000000-A346Y:1:1104:12289:16710	chr4	123836462	123836481	40	+	chr4	123836459	123836482	45	-
M00571:14:000000000-A346Y:1:1107:15792:9335	chr4	123836462	123836481	40	+	chr4	123836459	123836481	45	-
M00571:14:000000000-A346Y:1:1103:20646:26062	chr6	122947051	122947071	43	+	chr6	122947049	122947071	45	-
M00571:14:000000000-A346Y:1:1103:19496:23328	chr7	44094904	44094936	60	+	chr7	44094903	44094937	60	-
M00571:14:000000000-A346Y:1:1102:8085:13535	chr4	123836462	123836481	40	+	chr4	123836459	123836482	45	-
M00571:14:000000000-A346Y:1:1112:24719:14143	chr4	123836462	123836481	40	+	chr4	123836459	123836481	45	-
M00571:14:000000000-A346Y:1:1103:6237:20075	chr11	99140048	99140086	44	+	chr15	26684429	26684449	4	-
M00571:14:000000000-A346Y:1:1110:16412:16113	chr7	44094904	44094936	60	+	chr7	44094903	44094937	60	-
M00571:14:000000000-A346Y:1:1108:16688:23043	chr4	123836462	123836481	40	+	chr4	123836459	123836481	45	-
M00571:14:000000000-A346Y:1:1103:5256:23880	chr1	85079236	85079291	60	+	chr1	85079236	85079291	60	-
M00571:14:000000000-A346Y:1:1101:18863:12825	chr7	44094904	44094938	60	+	chr7	44094903	44094939	60	-
M00571:14:000000000-A346Y:1:1103:16198:1676	chr6	122947051	122947076	58	+	chr6	122947049	122947077	60	-
M00571:14:000000000-A346Y:1:1102:15234:9995	chr4	123836462	123836481	40	+	chr4	123836459	123836481	45	-
M00571:14:000000000-A346Y:1:1102:6274:12829	chr4	123836462	123836481	40	+	chr4	123836459	123836482	45	-
M00571:14:000000000-A346Y:1:1112:18492:2696	chr7	44094904	44094936	60	+	chr7	44094903	44094937	60	-
M00571:14:000000000-A346Y:1:1114:14579:20043	chr6	74093656	74093688	34	+	chr22	36006474	36006493	0	+
M00571:14:000000000-A346Y:1:1113:7854:9157	chr3	17443680	17443749	60	+	chr3	17443679	17443749	60	-
M00571:14:000000000-A346Y:1:1108:29558:15621	chr4	123836462	123836481	40	+	chr4	123836459	123836481	45	-
M00571:14:000000000-A346Y:1:1113:20179:6262	chr12	120535388	120535487	60	+	chr12	120535393	120535495	60	-
M00571:14:000000000-A346Y:1:1103:23348:11941	chr6	74093656	74093688	34	+	chr22	36006474	36006493	0	+
M00571:14:000000000-A346Y:1:1111:24685:8637	chr4	123836462	123836481	40	+	chr4	123836459	123836482	45	-
M00571:14:000000000-A346Y:1:1104:14855:17414	chr2	118048674	118048718	60	+	chr20	6902932	6902951	0	+
M00571:14:000000000-A346Y:1:1107:20437:10227	chr12	73599428	73599448	44	+	chr12	73599428	73599448	40	-
M00571:14:000000000-A346Y:1:1111:8848:23416	chr4	123836462	123836481	40	+	chr4	123836459	123836482	45	-
M00571:14:000000000-A346Y:1:1102:19710:27192	chr7	44094904	44094936	60	+	chr7	44094903	44094937	60	-
M00571:14:000000000-A346Y:1:1113:8594:10617	chr4	123836462	123836481	40	+	chr4	123836459	123836482	45	-
M00571:14:000000000-A346Y:1:1110:3905:20429	chr9	44199240	44199308	60	+	chr9	44199240	44199308	60	-
M00571:14:000000000-A346Y:1:1105:10659:27875	chr7	44094904	44094936	60	+	chr7	44094903	44094937	60	-
M00571:14:000000000-A346Y:1:1101:12287:14319	chr4	123836462	123836481	40	+	chr4	123836459	123836482	45	-
M00571:14:000000000-A346Y:1:1108:15479:6108	chr4	123836462	123836481	40	+	chr4	123836459	123836482	45	-
M00571:14:000000000-A346Y:1:1102:9238:21301	chr6	99352116	99352208	60	+	chr6	99352116	99352209	60	-
M00571:14:000000000-A346Y:1:1103:21119:17691	chr7	44094904	44094936	60	+	chr7	44094903	44094937	60	-
M00571:14:000000000-A346Y:1:1103:9169:8709	chr6	29932499	29932583	60	+	chrX	87646823	87646843	4	-
M00571:14:000000000-A346Y:1:1113:13185:3769	chr11	51579543	51579642	60	+	chr11	51579562	51579650	60	-
M00571:14:000000000-A346Y:1:1101:18087:15324	chr3	17443680	17443744	60	+	chr22	36006474	36006493	0	+
M00571:14:000000000-A346Y:1:1104:16067:23202	chr8	134495422	134495521	51	+	chr22	36006474	36006493	0	+
M00571:14:000000000-A346Y:1:1108:17330:27375	chr4	123836462	123836481	40	+	chr4	123836459	123836481	45	-
M00571:14:000000000-A346Y:1:1105:13544:6108	chr4	123836462	123836481	40	+	chr4	123836459	123836482	45	-
M00571:14:000000000-A346Y:1:1110:28978:17709	chr8	101668706	101668805	60	+	chr8	101668787	101668883	52	-
M00571:14:000000000-A346Y:1:1104:22114:7280	chr7	44094904	44094936	60	+	chr7	44094903	44094937	60	-
M00571:14:000000000-A346Y:1:1107:23646:3972	chr7	44094904	44094938	37	+	chr22	36006474	36006493	0	+
M00571:14:000000000-A346Y:1:1103:9324:17392	chr7	44094904	44094936	60	+	chr7	44094903	44094937	60	-
M00571:14:000000000-A346Y:1:1101:9170:14379	chr7	44094904	44094936	60	+	chr7	44094903	44094937	60	-
M00571:14:000000000-A346Y:1:1102:24728:11117	chr6	29606769	29606874	60	+	chr6	29606907	29607013	60	-
M00571:14:000000000-A346Y:1:1107:22446:11932	chr3	17443680	17443744	60	+	chr3	17443679	17443744	60	-
M00571:14:000000000-A346Y:1:1106:23641:22136	chr3	17443680	17443749	60	+	chr3	17443679	17443749	60	-
M00571:14:000000000-A346Y:1:1114:29222:13550	chr4	123836462	123836481	40	+	chr4	123836459	123836482	45	-
M00571:14:000000000-A346Y:1:1110:6126:21505	chr7	44094904	44094936	60	+	chr7	44094903	44094937	60	-
M00571:14:000000000-A346Y:1:1113:10640:17435	chr7	44094904	44094936	60	+	chr7	44094903	44094937	60	-
M00571:14:000000000-A346Y:1:1107:19466:25378	chr7	139549015	139549038	53	+	chr7	139549013	139549039	47	-
M00571:14:000000000-A346Y:1:1107:18003:4007	chr7	44094904	44094938	60	+	chr7	44094903	44094938	60	-
M00571:14:000000000-A346Y:1:1102:12716:19287	chr7	44094904	44094936	60	+	chr7	44094903	44094937	60	-
M00571:14:000000000-A346Y:1:1112:17978:8752	chr8	134495422	134495521	51	+	chr22	36006474	36006493	0	+
M00571:14:000000000-A346Y:1:1102:6604:21786	chr7	44094904	44094938	60	+	chr7	44094903	44094939	60	-
M00571:14:000000000-A346Y:1:1106:9426:16666	chr4	123836462	123836481	40	+	chr4	123836459	123836481	45	-
M00571:14:000000000-A346Y:1:1101:13619:7537	chr17	27754451	27754483	34	+	chr17	27754449	27754484	37	-
M00571:14:000000000-A346Y:1:1110:25277:19174	chr7	44094904	44094936	60	+	chr7	44094903	44094937	60	-
M00571:14:000000000-A346Y:1:1108:27248:20134	chr4	39629764	39629863	60	+	chr4	39629762	39629861	60	-
M00571:14:000000000-A346Y:1:1113:20003:13939	chr6	140712010	140712084	60	+	chr6	140712010	140712084	60	-
M00571:14:000000000-A346Y:1:1101:10515:7049	chr16	3759641	3759697	60	+	chr16	3759641	3759697	60	-
M00571:14:000000000-A346Y:1:1108:19446:16008	chr3	17443680	17443744	60	+	chr6	159617004	159617023	0	-
M00571:14:000000000-A346Y:1:1112:7373:18788	chr3	153187663	153187701	47	+	chr7	83069540	83069561	1	-
M00571:14:000000000-A346Y:1:1114:10249:19575	chr7	44094904	44094936	34	+	chr7	44094903	44094937	35	-
M00571:14:000000000-A346Y:1:1105:12939:25015	chr4	123836462	123836481	40	+	chr4	123836459	123836482	45	-
M00571:14:000000000-A346Y:1:1109:20110:7329	chr7	44094904	44094938	60	+	chr7	44094903	44094939	60	-
M00571:14:000000000-A346Y:1:1110:8773:22733	chr4	39668760	39668784	20	+	chr22	36006474	36006493	0	+
M00571:14:000000000-A346Y:1:1113:2682:14303	chr6	74093656	74093688	34	+	chr22	36006474	36006493	0	+
M00571:14:000000000-A346Y:1:1110:12873:26231	chr4	123836462	123836481	40	+	chr4	123836459	123836481	45	-
M00571:14:000000000-A346Y:1:1108:20542:20499	chr3	175201582	175201666	60	+	chr3	175201582	175201666	60	-
M00571:14:000000000-A346Y:1:1102:9555:25529	chr4	123836462	123836481	40	+	chr4	123836459	123836482	45	-
M00571:14:000000000-A346Y:1:1108:21415:14021	chr17	42236801	42236831	35	+	chrX	70605420	70605440	4	-
M00571:14:000000000-A346Y:1:1102:14183:10106	chr4	123836462	123836481	40	+	chr4	123836459	123836482	45	-
M00571:14:000000000-A346Y:1:1112:17629:7092	chr7	44094904	44094938	60	+	chr7	44094903	44094939	60	-
M00571:14:000000000-A346Y:1:1113:17598:22389	chr6	157263369	157263390	49	+	chr6	157263369	157263390	46	-
M00571:14:000000000-A346Y:1:1112:11020:4346	chr4	123836462	123836481	40	+	chr4	123836459	123836482	45	-
M00571:14:000000000-A346Y:1:1112:25165:19072	chr4	123836462	123836481	40	+	chr4	123836459	123836481	45	-
M00571:14:000000000-A346Y:1:1111:21590:22974	chr4	123836462	123836481	40	+	chr4	123836459	123836482	45	-
M00571:14:000000000-A346Y:1:1114:18138:10595	chr6	26526645	26526742	60	+	chr6	26526645	26526742	60	-
M00571:14:000000000-A346Y:1:1109:13891:6646	chr4	123836462	123836481	40	+	chr4	123836459	123836482	45	-
M00571:14:000000000-A346Y:1:1111:5393:8425	chr7	44094904	44094938	37	+	chr22	36006474	36006493	0	+
M00571:14:000000000-A346Y:1:1107:21624:19700	chr4	123836462	123836481	40	+	chr4	123836459	123836481	45	-
M00571:14:000000000-A346Y:1:1105:26883:15988	chr7	44094904	44094938	60	+	chr7	44094903	44094939	60	-
M00571:14:000000000-A346Y:1:1109:13499:8319	chr4	123836462	123836481	40	+	chr4	123836459	123836482	45	-
M00571:14:000000000-A346Y:1:1105:17647:15157	chr7	44094904	44094938	60	+	chr7	44094903	44094939	60	-
M00571:14:000000000-A346Y:1:1109:26871:22589	chr7	44094904	44094936	60	+	chr7	44094903	44094937	60	-
M00571:14:000000000-A346Y:1:1110:27533:15852	chr17	14091031	14091081	60	+	chr17	14091031	14091081	60	-
M00571:14:000000000-A346Y:1:1111:12790:12457	chr4	123836462	123836481	40	+	chr4	123836459	123836481	45	-
M00571:14:000000000-A346Y:1:1107:14836:7397	chr6	29932499	29932583	60	+	chrX	87646823	87646843	4	-
M00571:14:000000000-A346Y:1:1105:18753:6204	chr4	123836462	123836481	40	+	chr4	123836459	123836482	45	-
M00571:14:000000000-A346Y:1:1110:23447:23369	chr7	44094904	44094936	60	+	chr7	44094903	44094937	60	-
M00571:14:000000000-A346Y:1:1112:12060:14055	chr4	123836462	123836481	40	+	chr4	123836459	123836481	45	-
M00571:14:000000000-A346Y:1:1108:21679:5459	chr7	44094904	44094936	60	+	chr7	44094903	44094937	60	-
M00571:14:000000000-A346Y:1:1111:12127:23433	chr7	44094904	44094936	60	+	chr7	44094903	44094937	60	-
M00571:14:000000000-A346Y:1:1102:25952:10582	chr7	44094904	44094936	60	+	chr7	44094903	44094937	60	-
M00571:14:000000000-A346Y:1:1114:10325:10648	chr11	35761484	35761563	60	+	chr11	35761488	35761563	60	-
M00571:14:000000000-A346Y:1:1101:21384:17327	chr2	96545076	96545175	60	+	chr2	96545139	96545241	60	-
M00571:14:000000000-A346Y:1:1104:22173:5435	chr4	123836462	123836481	40	+	chr4	123836459	123836481	45	-
M00571:14:000000000-A346Y:1:1105:18013:24653	chr7	117200211	117200310	60	+	chr7	117200221	117200322	60	-
M00571:14:000000000-A346Y:1:1101:17270:13303	chr3	17443680	17443749	60	+	chr22	36006474	36006493	0	+
M00571:14:000000000-A346Y:1:1103:10143:22359	chr4	123836462	123836481	40	+	chr4	123836459	123836481	45	-
M00571:14:000000000-A346Y:1:1105:12312:5705	chr4	123836462	123836481	40	+	chr4	123836459	123836482	45	-
M00571:14:000000000-A346Y:1:1112:16838:20058	chr7	98529083	98529182	60	+	chr7	98529099	98529201	60	-
M00571:14:000000000-A346Y:1:1106:23014:8533	chr4	123836462	123836481	40	+	chr4	123836459	123836481	45	-
M00571:14:000000000-A346Y:1:1104:11952:26804	chr7	44094904	44094936	60	+	chr7	44094903	44094937	60	-
M00571:14:000000000-A346Y:1:1107:15941:10063	chr6	26526645	26526742	60	+	chr6	26526645	26526742	60	-
M00571:14:000000000-A346Y:1:1113:17028:12279	chr7	44094904	44094936	60	+	chr7	44094903	44094937	60	-
M00571:14:000000000-A346Y:1:1112:8300:20813	chr7	44094904	44094938	60	+	chr7	44094903	44094939	60	-
M00571:14:000000000-A346Y:1:1103:22325:3350	chr7	44094904	44094936	60	+	chr7	44094903	44094937	60	-
M00571:14:000000000-A346Y:1:1110:8440:22690	chr7	44094904	44094938	60	+	chr7	44094903	44094939	60	-
M00571:14:000000000-A346Y:1:1111:6715:21694	chr6	74093656	74093688	34	+	chr22	36006474	36006493	0	+
M00571:14:000000000-A346Y:1:1103:17822:19162	chr4	123836462	123836481	40	+	chr4	123836459	123836481	45	-
M00571:14:000000000-A346Y:1:1107:25252:7346	chr4	123836462	123836481	40	+	chr4	123836459	123836481	45	-
M00571:14:000000000-A346Y:1:1111:11482:21939	chr1	85441866	85441934	60	+	chr1	85441866	85441934	60	-
M00571:14:000000000-A346Y:1:1107:7441:20207	chr7	44094904	44094936	60	+	chr7	44094903	44094937	60	-
M00571:14:000000000-A346Y:1:1107:5956:19627	chr7	44094904	44094936	60	+	chr7	44094903	44094937	60	-
M00571:14:000000000-A346Y:1:1106:7463:13424	chr6	74093656	74093688	34	+	chr22	36006474	36006493	0	+
M00571:14:000000000-A346Y:1:1103:12678:18125	chr7	44094904	44094936	60	+	chr7	44094903	44094937	60	-
M00571:14:000000000-A346Y:1:1112:9293:26068	chr4	123836462	123836481	40	+	chr4	123836459	123836482	45	-
M00571:14:000000000-A346Y:1:1104:27536:11988	chr7	44094904	44094938	60	+	chr7	44094903	44094939	60	-
M00571:14:000000000-A346Y:1:1111:19223:12995	chr7	44094904	44094936	60	+	chr7	44094903	44094937	60	-
M00571:14:000000000-A346Y:1:1104:22637:20031	chr12	120535388	120535487	60	+	chr12	120535393	120535495	60	-
M00571:14:000000000-A346Y:1:1114:27150:11981	chr7	44094904	44094936	60	+	chr7	44094903	44094937	60	-
M00571:14:000000000-A346Y:1:1114:22674:14114	chr9	114893139	114893161	50	+	chr9	114893138	114893161	49	-
M00571:14:000000000-A346Y:1:1109:7535:12000	chr4	123836462	123836481	40	+	chr4	123836459	123836482	45	-
M00571:14:000000000-A346Y:1:1113:8465:22885	chr7	44094904	44094936	34	+	chr9	9465949	9465968	0	+
M00571:14:000000000-A346Y:1:1108:13437:25745	chr7	44094904	44094936	60	+	chr7	44094903	44094937	60	-
M00571:14:000000000-A346Y:1:1108:25857:12567	chr4	123836462	123836481	40	+	chr4	123836459	123836482	45	-
M00571:14:000000000-A346Y:1:1110:18684:27812	chr7	44094904	44094938	37	+	chr7	44094903	44094939	40	-
M00571:14:000000000-A346Y:1:1109:6452:10720	chrX	13039037	13039136	60	+	chrX	13039272	13039367	60	-
M00571:14:000000000-A346Y:1:1110:20971:16798	chr4	123836462	123836481	40	+	chr4	123836459	123836482	45	-
M00571:14:000000000-A346Y:1:1111:10527:6866	chr4	123836462	123836481	40	+	chr4	123836459	123836481	45	-
M00571:14:000000000-A346Y:1:1103:20298:8253	chr7	44094904	44094936	60	+	chr7	44094903	44094937	60	-
M00571:14:000000000-A346Y:1:1110:11380:23293	chr4	123836462	123836481	40	+	chr4	123836459	123836482	45	-
M00571:14:000000000-A346Y:1:1106:20814:7186	chr6	74093656	74093688	34	+	chr22	36006474	36006493	0	+
M00571:14:000000000-A346Y:1:1114:9211:11459	chr7	44094904	44094936	34	+	chr13	104164660	104164679	0	+
M00571:14:000000000-A346Y:1:1109:20576:24118	chr7	44094904	44094936	60	+	chr7	44094903	44094937	60	-
M00571:14:000000000-A346Y:1:1108:19755:24022	chr1	80170804	80170903	60	+	chr1	80170890	80170992	60	-
M00571:14:000000000-A346Y:1:1105:16098:1703	chr6	122947051	122947076	58	+	chr6	122947049	122947077	60	-
M00571:14:000000000-A346Y:1:1104:12277:21966	chr7	44094904	44094938	60	+	chr7	44094903	44094939	60	-
M00571:14:000000000-A346Y:1:1103:18671:2022	chr7	44094904	44094938	37	+	chr22	36006474	36006493	0	+
M00571:14:000000000-A346Y:1:1103:10345:23886	chr6	26526645	26526742	60	+	chr22	36006474	36006493	0	+
M00571:14:000000000-A346Y:1:1111:16656:5136	chr6	122947051	122947076	18	+	chr22	36006474	36006493	0	+
M00571:14:000000000-A346Y:1:1108:10523:3043	chr7	44094904	44094938	60	+	chr7	44094903	44094939	60	-
M00571:14:000000000-A346Y:1:1110:5928:19848	chr4	123836462	123836481	40	+	chr4	123836459	123836481	45	-
M00571:14:000000000-A346Y:1:1102:8859:24262	chr4	123836462	123836481	40	+	chr4	123836459	123836481	45	-
M00571:14:000000000-A346Y:1:1113:15506:15098	chr2	113005740	113005771	60	+	chr2	113005737	113005772	60	-
M00571:14:000000000-A346Y:1:1103:10962:13747	chr1	85079236	85079291	60	+	chr1	85079236	85079291	60	-
M00571:14:000000000-A346Y:1:1103:9183:26421	chr6	74093656	74093688	34	+	chr22	36006474	36006493	0	+
M00571:14:000000000-A346Y:1:1111:28631:11220	chr7	44094904	44094938	60	+	chr7	44094903	44094939	60	-
M00571:14:000000000-A346Y:1:1106:23838:20789	chr12	40961336	40961404	60	+	chr12	40961336	40961404	60	-
M00571:14:000000000-A346Y:1:1113:21011:23728	chr19	36325939	36325970	60	+	chr19	36325938	36325970	60	-
M00571:14:000000000-A346Y:1:1112:22480:10744	chr6	122947051	122947076	18	+	chr22	36006474	36006493	0	+
M00571:14:000000000-A346Y:1:1104:28116:19616	chr6	122947051	122947076	58	+	chr6	122947049	122947077	60	-
M00571:14:000000000-A346Y:1:1102:10170:26742	chr7	44094904	44094936	60	+	chr7	44094903	44094937	60	-
M00571:14:000000000-A346Y:1:1113:17327:10837	chr7	44094904	44094938	60	+	chr7	44094903	44094939	60	-
M00571:14:000000000-A346Y:1:1105:9986:17843	chr7	44094904	44094936	60	+	chr7	44094903	44094937	60	-
M00571:14:000000000-A346Y:1:1111:14327:16740	chr6	122947051	122947076	58	+	chr6	122947049	122947077	60	-
M00571:14:000000000-A346Y:1:1110:15519:18897	chr15	58374710	58374809	60	+	chr15	58374765	58374867	60	-
M00571:14:000000000-A346Y:1:1101:21185:13529	chr7	44094904	44094936	60	+	chr7	44094903	44094937	60	-
M00571:14:000000000-A346Y:1:1114:25468:23849	chr4	123836462	123836481	40	+	chr4	123836459	123836481	40	-
M00571:14:000000000-A346Y:1:1113:23341:15916	chr2	56716106	56716205	60	+	chr2	56716146	56716248	60	-
M00571:14:000000000-A346Y:1:1113:3607:11898	chr6	122947051	122947076	18	+	chr22	36006474	36006493	0	+
M00571:14:000000000-A346Y:1:1107:13955:18535	chr7	123370137	123370156	40	+	chr7	123370136	123370156	44	-
M00571:14:000000000-A346Y:1:1104:18105:27390	chr3	17443680	17443749	60	+	chr3	17443679	17443749	60	-
M00571:14:000000000-A346Y:1:1114:16634:16795	chr6	26526645	26526742	60	+	chr22	36006474	36006493	0	+
M00571:14:000000000-A346Y:1:1105:21506:23511	chr4	123836462	123836481	40	+	chr4	123836459	123836481	45	-
M00571:14:000000000-A346Y:1:1105:21869:18622	chr4	123836462	123836481	40	+	chr4	123836459	123836482	45	-
M00571:14:000000000-A346Y:1:1108:25402:7733	chr4	123836462	123836481	40	+	chr4	123836459	123836482	45	-
M00571:14:000000000-A346Y:1:1104:18066:22943	chr12	120535388	120535487	60	+	chr12	120535393	120535495	60	-
M00571:14:000000000-A346Y:1:1111:24221:22650	chr6	122947051	122947076	58	+	chr6	122947049	122947077	60	-
M00571:14:000000000-A346Y:1:1106:11215:4188	chr7	44094904	44094938	60	+	chr7	44094903	44094939	60	-
M00571:14:000000000-A346Y:1:1113:23251:24092	chr17	14091031	14091081	60	+	chr22	36006474	36006493	0	+
M00571:14:000000000-A346Y:1:1103:14246:21017	chr4	123836462	123836481	40	+	chr4	123836459	123836481	45	-
M00571:14:000000000-A346Y:1:1106:16031:2775	chr6	74093656	74093688	34	+	chr22	36006474	36006493	0	+
M00571:14:000000000-A346Y:1:1112:25806:14359	chr4	123836462	123836481	40	+	chr4	123836459	123836482	45	-
M00571:14:000000000-A346Y:1:1109:11870:16708	chr7	44094904	44094938	60	+	chr7	44094903	44094939	60	-
M00571:14:000000000-A346Y:1:1113:25287:16804	chr7	44094904	44094936	60	+	chr7	44094903	44094937	60	-
M00571:14:000000000-A346Y:1:1104:8639:19427	chr6	122947051	122947076	58	+	chr6	122947049	122947077	60	-
M00571:14:000000000-A346Y:1:1107:19450:2235	chr17	42573709	42573805	60	+	chr17	42573743	42573805	60	-
M00571:14:000000000-A346Y:1:1112:7534:23729	chr4	123836462	123836481	40	+	chr4	123836459	123836481	45	-
M00571:14:000000000-A346Y:1:1113:18416:22501	chr4	123836462	123836481	40	+	chr4	123836459	123836481	45	-
M00571:14:000000000-A346Y:1:1104:12256:9760	chr7	44094904	44094936	60	+	chr7	44094903	44094937	60	-
M00571:14:000000000-A346Y:1:1106:12608:24321	chr7	44094904	44094936	60	+	chr7	44094903	44094937	60	-
M00571:14:000000000-A346Y:1:1111:24667:18014	chr7	44094904	44094938	60	+	chr7	44094903	44094939	60	-
M00571:14:000000000-A346Y:1:1110:10891:4785	chr4	123836462	123836481	40	+	chr4	123836459	123836481	45	-
M00571:14:000000000-A346Y:1:1105:7277:7715	chr4	123836462	123836481	40	+	chr4	123836459	123836481	45	-
M00571:14:000000000-A346Y:1:1102:21788:5714	chr4	123836462	123836481	40	+	chr4	123836459	123836482	45	-
M00571:14:000000000-A346Y:1:1109:4443:18558	chr1	85079236	85079291	60	+	chr1	85079236	85079291	60	-
M00571:14:000000000-A346Y:1:1108:5906:10994	chr4	123836462	123836481	40	+	chr4	123836459	123836481	45	-
M00571:14:000000000-A346Y:1:1108:10802:13062	chr4	123836462	123836481	40	+	chr4	123836459	123836481	45	-
M00571:14:000000000-A346Y:1:1101:9130:13053	chr4	123836462	123836481	40	+	chr4	123836459	123836481	45	-
M00571:14:000000000-A346Y:1:1107:12367:24869	chr4	123836462	123836481	40	+	chr4	123836459	123836481	45	-
M00571:14:000000000-A346Y:1:1107:16627:18398	chr12	96401203	96401269	60	+	chr22	36006474	36006493	0	+
M00571:14:000000000-A346Y:1:1108:13279:4627	chr16	2806824	2806923	60	+	chr16	2807003	2807105	60	-
M00571:14:000000000-A346Y:1:1105:23539:8698	chr4	123836462	123836481	40	+	chr4	123836459	123836482	45	-
M00571:14:000000000-A346Y:1:1106:22553:6186	chr4	123836462	123836481	40	+	chr4	123836459	123836482	45	-
M00571:14:000000000-A346Y:1:1114:13608:8685	chr3	17443680	17443744	60	+	chr3	17443679	17443744	60	-
M00571:14:000000000-A346Y:1:1104:26396:8843	chr6	122947051	122947076	58	+	chr6	122947049	122947077	60	-
M00571:14:000000000-A346Y:1:1105:5722:15498	chr3	17443680	17443749	60	+	chr3	17443679	17443749	60	-
M00571:14:000000000-A346Y:1:1104:27338:17635	chr4	123836462	123836481	40	+	chr4	123836459	123836482	45	-
M00571:14:000000000-A346Y:1:1102:19855:24969	chr7	44094904	44094936	60	+	chr7	44094903	44094937	60	-
M00571:14:000000000-A346Y:1:1106:22408:20811	chr7	44094904	44094936	60	+	chr7	44094903	44094937	60	-
M00571:14:000000000-A346Y:1:1105:16164:17759	chr7	44094904	44094936	60	+	chr7	44094903	44094937	60	-
M00571:14:000000000-A346Y:1:1109:5431:6334	chr7	44094904	44094938	60	+	chr7	44094903	44094939	60	-
M00571:14:000000000-A346Y:1:1105:28895:18177	chr4	123836462	123836481	40	+	chr4	123836459	123836482	45	-
M00571:14:000000000-A346Y:1:1106:16417:21717	chr18	67053837	67053868	60	+	chr18	67053835	67053868	60	-
M00571:14:000000000-A346Y:1:1104:17460:20391	chr4	123836462	123836481	40	+	chr4	123836459	123836481	45	-
M00571:14:000000000-A346Y:1:1102:14420:3957	chr4	123836462	123836481	40	+	chr4	123836459	123836481	45	-
M00571:14:000000000-A346Y:1:1101:19245:28218	chr4	123836462	123836481	40	+	chr4	123836459	123836482	45	-
M00571:14:000000000-A346Y:1:1112:10165:17688	chr7	44094904	44094936	60	+	chr7	44094903	44094937	60	-
M00571:14:000000000-A346Y:1:1114:20404:14693	chr3	175991238	175991277	55	+	chrX	70605420	70605440	4	-
M00571:14:000000000-A346Y:1:1105:14676:20231	chr4	123836462	123836481	40	+	chr4	123836459	123836481	45	-
M00571:14:000000000-A346Y:1:1105:19991:27840	chr4	39629764	39629863	60	+	chr4	39629764	39629864	60	-
M00571:14:000000000-A346Y:1:1104:12715:22225	chr4	123836462	123836481	40	+	chr4	123836459	123836481	45	-
M00571:14:000000000-A346Y:1:1104:4830:9882	chr7	44094904	44094938	60	+	chr7	44094903	44094939	60	-
M00571:14:000000000-A346Y:1:1110:13914:14155	chr4	123836462	123836481	40	+	chr4	123836459	123836482	45	-
M00571:14:000000000-A346Y:1:1114:12995:22607	chr4	123836462	123836481	40	+	chr4	123836459	123836481	45	-
M00571:14:000000000-A346Y:1:1110:12952:6470	chr4	123836462	123836481	40	+	chr4	123836459	123836481	45	-
M00571:14:000000000-A346Y:1:1109:13017:23050	chr17	79557916	79558015	60	+	chr17	79558052	79558154	60	-
M00571:14:000000000-A346Y:1:1106:11054:9712	chr7	44094904	44094936	60	+	chr7	44094903	44094937	60	-
M00571:14:000000000-A346Y:1:1105:8082:8949	chr4	123836462	123836481	40	+	chr4	123836459	123836481	45	-
M00571:14:000000000-A346Y:1:1103:22995:11210	chr6	122947051	122947076	58	+	chr6	122947049	122947077	60	-
M00571:14:000000000-A346Y:1:1105:24931:20841	chr7	44094904	44094936	60	+	chr7	44094903	44094937	60	-
M00571:14:000000000-A346Y:1:1106:5383:21672	chr7	44094904	44094936	60	+	chr7	44094903	44094937	60	-
M00571:14:000000000-A346Y:1:1111:10667:21867	chr7	44094904	44094936	60	+	chr7	44094903	44094937	60	-
M00571:14:000000000-A346Y:1:1106:11103:21626	chr7	44094904	44094936	60	+	chr7	44094903	44094937	60	-
M00571:14:000000000-A346Y:1:1102:12160:16643	chr4	123836462	123836481	40	+	chr4	123836459	123836482	45	-
M00571:14:000000000-A346Y:1:1112:21718:15821	chr4	123836462	123836481	40	+	chr4	123836459	123836482	45	-
M00571:14:000000000-A346Y:1:1102:15912:25217	chr4	123836462	123836481	40	+	chr4	123836459	123836482	45	-
M00571:14:000000000-A346Y:1:1113:8310:18954	chr7	44094904	44094938	60	+	chr7	44094903	44094939	60	-
M00571:14:000000000-A346Y:1:1102:10801:10185	chr7	44094904	44094936	60	+	chr7	44094903	44094937	60	-
M00571:14:000000000-A346Y:1:1102:12641:16431	chr4	123836462	123836481	40	+	chr4	123836459	123836481	45	-
M00571:14:000000000-A346Y:1:1108:6704:17764	chr7	44094904	44094938	60	+	chr7	44094903	44094939	60	-
M00571:14:000000000-A346Y:1:1111:17621:8983	chr7	44094904	44094936	60	+	chr7	44094903	44094937	60	-
M00571:14:000000000-A346Y:1:1114:10656:19037	chr7	44094904	44094936	60	+	chr7	44094903	44094937	60	-
M00571:14:000000000-A346Y:1:1112:15978:7960	chr7	44094904	44094936	60	+	chr7	44094903	44094937	60	-
M00571:14:000000000-A346Y:1:1113:13815:14113	chr7	44094904	44094936	60	+	chr7	44094903	44094937	60	-
M00571:14:000000000-A346Y:1:1105:26970:20574	chr7	44094904	44094938	60	+	chr7	44094903	44094939	60	-
M00571:14:000000000-A346Y:1:1108:19808:9165	chr6	122947051	122947076	18	+	chr22	36006474	36006493	0	+
M00571:14:000000000-A346Y:1:1109:17977:20005	chr4	123836462	123836481	40	+	chr4	123836459	123836481	45	-
M00571:14:000000000-A346Y:1:1101:12018:14154	chr7	44094904	44094938	60	+	chr7	44094903	44094939	60	-
M00571:14:000000000-A346Y:1:1114:20009:3005	chr8	134495422	134495521	60	+	chr8	134495423	134495525	60	-
M00571:14:000000000-A346Y:1:1103:19737:10585	chr7	139549015	139549036	47	+	chr7	139549013	139549037	40	-
M00571:14:000000000-A346Y:1:1105:8611:16794	chr4	123836462	123836481	40	+	chr4	123836459	123836481	45	-
M00571:14:000000000-A346Y:1:1104:27591:19291	chr4	123836462	123836481	40	+	chr4	123836459	123836481	45	-
M00571:14:000000000-A346Y:1:1108:15198:21245	chr4	123836462	123836481	40	+	chr4	123836459	123836482	45	-
M00571:14:000000000-A346Y:1:1105:16950:19412	chr4	123836462	123836481	40	+	chr4	123836459	123836481	45	-
M00571:14:000000000-A346Y:1:1101:18324:6418	chr7	44094904	44094936	60	+	chr7	44094903	44094937	60	-
M00571:14:000000000-A346Y:1:1108:20159:16631	chr7	44094904	44094936	60	+	chr7	44094903	44094937	60	-
M00571:14:000000000-A346Y:1:1109:4088:19405	chr11	106203408	106203454	51	+	chr11	106203417	106203454	42	-
M00571:14:000000000-A346Y:1:1107:10295:22572	chr4	123836462	123836481	40	+	chr4	123836459	123836481	45	-
M00571:14:000000000-A346Y:1:1114:18376:10670	chr5	156397747	156397776	60	+	chr5	156397745	156397776	60	-
M00571:14:000000000-A346Y:1:1107:17273:2102	chr8	134495422	134495521	60	+	chr8	134495423	134495525	60	-
M00571:14:000000000-A346Y:1:1109:14893:11998	chr7	44094904	44094936	60	+	chr7	44094903	44094937	60	-
M00571:14:000000000-A346Y:1:1105:25166:21225	chr4	123836462	123836481	40	+	chr4	123836459	123836481	45	-
M00571:14:000000000-A346Y:1:1109:14312:5384	chr6	26526645	26526742	60	+	chr6	26526645	26526742	60	-
M00571:14:000000000-A346Y:1:1113:19471:2401	chr4	123836462	123836481	40	+	chr4	123836459	123836481	45	-
M00571:14:000000000-A346Y:1:1109:18734:21680	chr4	123836462	123836481	40	+	chr4	123836459	123836481	45	-
M00571:14:000000000-A346Y:1:1104:27496:8558	chr4	123836462	123836481	40	+	chr4	123836459	123836482	45	-
M00571:14:000000000-A346Y:1:1101:19204:3199	chr7	44094904	44094936	60	+	chr7	44094903	44094937	60	-
M00571:14:000000000-A346Y:1:1108:16752:15550	chr6	122947051	122947076	18	+	chr22	36006474	36006493	0	+
M00571:14:000000000-A346Y:1:1107:15469:7374	chr4	123836462	123836481	40	+	chr4	123836459	123836481	45	-
M00571:14:000000000-A346Y:1:1101:10778:6335	chr18	7100846	7100878	60	+	chr18	7100846	7100878	50	-
M00571:14:000000000-A346Y:1:1101:25508:10680	chr3	17443680	17443744	60	+	chr3	17443679	17443744	60	-
M00571:14:000000000-A346Y:1:1104:22622:4935	chr4	123836462	123836481	40	+	chr4	123836459	123836482	45	-
M00571:14:000000000-A346Y:1:1113:5303:20134	chr4	123836462	123836481	40	+	chr4	123836459	123836482	45	-
M00571:14:000000000-A346Y:1:1101:14597:22630	chr19	36325939	36325971	60	+	chr19	36325938	36325971	60	-
M00571:14:000000000-A346Y:1:1105:7439:4719	chr3	17443680	17443744	60	+	chr3	17443679	17443744	60	-
M00571:14:000000000-A346Y:1:1108:8861:24982	chr6	122947051	122947076	58	+	chr6	122947049	122947077	60	-
M00571:14:000000000-A346Y:1:1111:14521:4335	chr6	74093656	74093688	34	+	chr22	36006474	36006493	0	+
M00571:14:000000000-A346Y:1:1112:26406:12216	chr4	123836462	123836481	40	+	chr4	123836459	123836481	45	-
M00571:14:000000000-A346Y:1:1102:12270:24767	chr4	123836462	123836481	40	+	chr4	123836459	123836481	45	-
M00571:14:000000000-A346Y:1:1102:13530:13658	chr7	44094904	44094936	60	+	chr7	44094903	44094937	60	-
M00571:14:000000000-A346Y:1:1105:17094:3964	chr7	44094904	44094936	60	+	chr7	44094903	44094937	60	-
M00571:14:000000000-A346Y:1:1105:13822:5018	chr4	123836462	123836481	40	+	chr4	123836459	123836481	45	-
M00571:14:000000000-A346Y:1:1102:15521:23115	chr6	122947051	122947076	58	+	chr6	122947049	122947077	60	-
M00571:14:000000000-A346Y:1:1101:19775:13642	chr7	44094904	44094936	60	+	chr7	44094903	44094937	60	-
M00571:14:000000000-A346Y:1:1112:24654:11980	chr7	44094904	44094938	60	+	chr7	44094903	44094939	60	-
M00571:14:000000000-A346Y:1:1106:9839:21152	chr7	44094904	44094936	60	+	chr7	44094903	44094937	60	-
M00571:14:000000000-A346Y:1:1102:10290:2983	chr4	123836462	123836481	40	+	chr4	123836459	123836482	45	-
M00571:14:000000000-A346Y:1:1103:1832:15511	chr2	24123220	24123241	44	+	chr2	24123219	24123241	40	-
M00571:14:000000000-A346Y:1:1103:24851:20979	chr7	44094904	44094936	34	+	chr12	55236733	55236753	4	+
M00571:14:000000000-A346Y:1:1112:23994:16218	chr4	123836462	123836481	40	+	chr4	123836459	123836481	45	-
M00571:14:000000000-A346Y:1:1106:10714:26544	chr12	120535388	120535487	60	+	chr12	120535393	120535495	60	-
M00571:14:000000000-A346Y:1:1113:23158:9873	chr7	44094904	44094938	60	+	chr7	44094903	44094939	60	-
M00571:14:000000000-A346Y:1:1111:17565:11516	chr7	44094904	44094938	60	+	chr7	44094903	44094939	60	-
M00571:14:000000000-A346Y:1:1106:4128:17934	chr15	58374710	58374809	60	+	chr15	58374765	58374867	60	-
M00571:14:000000000-A346Y:1:1103:17107:8010	chr7	44094904	44094938	60	+	chr7	44094903	44094939	60	-
M00571:14:000000000-A346Y:1:1102:17452:11331	chr7	44094904	44094938	37	+	chr22	36006474	36006493	0	+
M00571:14:000000000-A346Y:1:1102:19751:15502	chr15	68185876	68185897	47	+	chr15	68185874	68185898	53	-
M00571:14:000000000-A346Y:1:1109:13552:13713	chr6	26526645	26526742	60	+	chr6	26526645	26526742	60	-
M00571:14:000000000-A346Y:1:1104:9305:3394	chr4	123836462	123836481	40	+	chr4	123836459	123836481	45	-
M00571:14:000000000-A346Y:1:1101:22003:23846	chr8	134495422	134495521	51	+	chr22	36006474	36006493	0	+
M00571:14:000000000-A346Y:1:1107:24751:16836	chr18	61046023	61046045	49	+	chr18	61046023	61046045	49	-
M00571:14:000000000-A346Y:1:1102:26273:21009	chr7	44094904	44094936	60	+	chr7	44094903	44094937	60	-
M00571:14:000000000-A346Y:1:1113:7895:15436	chr4	123836462	123836481	40	+	chr4	123836459	123836481	45	-
M00571:14:000000000-A346Y:1:1113:5662:18033	chr7	44094904	44094938	37	+	chr22	36006474	36006493	0	+
M00571:14:000000000-A346Y:1:1108:15518:18104	chr7	44094904	44094938	60	+	chr7	44094903	44094939	60	-
M00571:14:000000000-A346Y:1:1110:13752:11223	chr4	123836462	123836481	40	+	chr4	123836459	123836481	45	-
M00571:14:000000000-A346Y:1:1103:6846:7163	chr4	123836462	123836481	40	+	chr4	123836459	123836482	45	-
M00571:14:000000000-A346Y:1:1112:27481:16592	chr4	123836462	123836481	40	+	chr4	123836459	123836481	45	-
M00571:14:000000000-A346Y:1:1104:23467:9191	chr4	123836462	123836481	40	+	chr4	123836459	123836482	45	-
M00571:14:000000000-A346Y:1:1113:18941:24995	chr4	123836462	123836481	40	+	chr4	123836459	123836481	45	-
M00571:14:000000000-A346Y:1:1114:10282:3317	chr6	74093656	74093688	34	+	chr22	36006474	36006493	0	+
M00571:14:000000000-A346Y:1:1113:7206:12350	chr6	122947051	122947073	50	+	chr6	122947049	122947074	53	-
M00571:14:000000000-A346Y:1:1106:15539:1678	chr7	44094904	44094938	60	+	chr7	44094903	44094939	60	-
M00571:14:000000000-A346Y:1:1112:19304:14055	chr7	44094904	44094936	60	+	chr7	44094903	44094937	60	-
M00571:14:000000000-A346Y:1:1109:10199:15561	chr4	123836462	123836481	40	+	chr4	123836459	123836482	45	-
M00571:14:000000000-A346Y:1:1104:17964:23294	chr7	44094904	44094936	60	+	chr7	44094903	44094937	60	-
M00571:14:000000000-A346Y:1:1111:27266:12278	chr7	44094904	44094938	60	+	chr7	44094903	44094939	60	-
M00571:14:000000000-A346Y:1:1106:17820:22760	chr4	123836462	123836481	40	+	chr4	123836459	123836481	45	-
M00571:14:000000000-A346Y:1:1109:22881:8136	chr1	85079236	85079291	60	+	chr1	85079236	85079291	60	-
M00571:14:000000000-A346Y:1:1114:12334:12389	chr7	44094904	44094936	60	+	chr7	44094903	44094937	60	-
M00571:14:000000000-A346Y:1:1107:6149:19968	chr4	123836462	123836481	40	+	chr4	123836459	123836481	45	-
M00571:14:000000000-A346Y:1:1110:10756:27690	chr7	44094904	44094936	60	+	chr7	44094903	44094937	60	-
M00571:14:000000000-A346Y:1:1113:10491:3406	chr4	123836462	123836481	40	+	chr4	123836459	123836481	45	-
M00571:14:000000000-A346Y:1:1102:15830:1764	chr3	17443680	17443749	60	+	chr3	17443679	17443749	60	-
M00571:14:000000000-A346Y:1:1104:3461:18396	chr4	123836462	123836481	40	+	chr4	123836459	123836481	45	-
M00571:14:000000000-A346Y:1:1107:23067:16965	chr4	123836462	123836481	40	+	chr4	123836459	123836482	45	-
M00571:14:000000000-A346Y:1:1112:23160:20955	chr4	123836462	123836481	40	+	chr4	123836459	123836481	45	-
M00571:14:000000000-A346Y:1:1106:2304:13779	chr4	123836462	123836481	40	+	chr4	123836459	123836482	45	-
M00571:14:000000000-A346Y:1:1112:4541:20287	chr7	44094904	44094938	60	+	chr7	44094903	44094939	60	-
M00571:14:000000000-A346Y:1:1102:12876:12655	chr3	153187663	153187701	47	+	chr7	83069542	83069561	0	-
M00571:14:000000000-A346Y:1:1102:17655:15013	chr4	123836462	123836481	40	+	chr4	123836459	123836481	45	-
M00571:14:000000000-A346Y:1:1113:26863:6887	chr6	74093656	74093688	34	+	chr22	36006474	36006493	0	+
M00571:14:000000000-A346Y:1:1101:18045:19625	chr6	122947051	122947076	58	+	chr6	122947049	122947077	60	-
M00571:14:000000000-A346Y:1:1103:6850:17089	chr8	134495422	134495521	60	+	chr8	134495423	134495525	60	-
M00571:14:000000000-A346Y:1:1114:13811:8484	chr4	123836462	123836481	40	+	chr4	123836459	123836481	45	-
M00571:14:000000000-A346Y:1:1112:12310:7975	chr4	123836462	123836481	40	+	chr4	123836459	123836482	45	-
M00571:14:000000000-A346Y:1:1109:24136:6545	chr15	58374710	58374809	60	+	chr15	58374765	58374867	60	-
M00571:14:000000000-A346Y:1:1101:18573:6478	chr4	123836462	123836481	40	+	chr4	123836459	123836481	45	-
M00571:14:000000000-A346Y:1:1104:15667:2877	chr17	76211990	76212022	40	+	chr22	36006474	36006493	0	+
M00571:14:000000000-A346Y:1:1107:4353:15793	chr4	123836462	123836481	40	+	chr4	123836459	123836481	45	-
M00571:14:000000000-A346Y:1:1114:15715:22923	chr12	120535388	120535487	60	+	chr12	120535393	120535495	60	-
M00571:14:000000000-A346Y:1:1108:17160:14321	chr19	36325939	36325981	60	+	chr19	36325938	36325981	60	-
M00571:14:000000000-A346Y:1:1106:18104:20314	chr4	123836462	123836481	40	+	chr4	123836459	123836481	45	-
M00571:14:000000000-A346Y:1:1107:26804:14163	chr7	44094904	44094936	60	+	chr7	44094903	44094937	60	-
M00571:14:000000000-A346Y:1:1102:6781:17616	chr7	44094904	44094938	37	+	chr22	36006474	36006493	0	+
M00571:14:000000000-A346Y:1:1113:14636:8301	chr8	134495422	134495521	60	+	chr8	134495423	134495525	60	-
M00571:14:000000000-A346Y:1:1102:11251:10269	chr12	120535388	120535487	60	+	chr22	36006474	36006493	0	+
M00571:14:000000000-A346Y:1:1111:22478:4458	chr17	27754451	27754483	60	+	chr17	27754449	27754483	60	-
M00571:14:000000000-A346Y:1:1107:19374:11182	chr4	123836462	123836481	40	+	chr4	123836459	123836482	45	-
M00571:14:000000000-A346Y:1:1106:18611:25885	chr12	120535388	120535487	60	+	chr22	36006474	36006493	0	+
M00571:14:000000000-A346Y:1:1114:12185:16207	chr4	123836462	123836481	40	+	chr4	123836459	123836482	45	-
M00571:14:000000000-A346Y:1:1102:28161:15632	chr8	134495422	134495521	60	+	chr8	134495423	134495525	60	-
M00571:14:000000000-A346Y:1:1110:16868:16744	chr7	44094904	44094936	60	+	chr7	44094903	44094937	60	-
M00571:14:000000000-A346Y:1:1109:18696:1748	chr3	17443680	17443744	60	+	chr22	36006474	36006493	0	+
M00571:14:000000000-A346Y:1:1112:23398:9739	chr6	122947051	122947076	58	+	chr6	122947049	122947077	60	-
M00571:14:000000000-A346Y:1:1112:26477:17859	chr6	26526645	26526742	60	+	chr6	26526645	26526742	60	-
M00571:14:000000000-A346Y:1:1110:17099:25303	chr7	44094904	44094938	60	+	chr7	44094903	44094939	60	-
M00571:14:000000000-A346Y:1:1111:14731:4329	chr16	51505159	51505258	60	+	chr16	51505168	51505270	60	-
M00571:14:000000000-A346Y:1:1113:26827:13899	chr6	122947051	122947076	58	+	chr6	122947049	122947077	60	-
M00571:14:000000000-A346Y:1:1108:11460:21697	chr7	44094904	44094938	60	+	chr7	44094903	44094939	60	-
M00571:14:000000000-A346Y:1:1114:21839:26580	chr8	134495422	134495521	60	+	chr8	134495423	134495525	60	-
M00571:14:000000000-A346Y:1:1113:5665:12786	chr4	123836462	123836481	40	+	chr4	123836459	123836481	45	-
M00571:14:000000000-A346Y:1:1112:13522:7260	chr6	122947051	122947076	58	+	chr6	122947049	122947077	60	-
M00571:14:000000000-A346Y:1:1111:16604:21148	chr4	123836462	123836481	40	+	chr4	123836459	123836481	45	-
M00571:14:000000000-A346Y:1:1102:7811:20396	chr7	44094904	44094936	60	+	chr7	44094903	44094937	60	-
M00571:14:000000000-A346Y:1:1103:21862:24165	chr7	44094904	44094938	37	+	chr10	22460061	22460080	0	-
M00571:14:000000000-A346Y:1:1110:23872:20554	chr7	44094904	44094938	60	+	chr7	44094903	44094939	60	-
M00571:14:000000000-A346Y:1:1103:12513:15177	chr7	44094904	44094936	60	+	chr7	44094903	44094936	60	-
M00571:14:000000000-A346Y:1:1105:26058:10175	chr7	44094904	44094936	60	+	chr7	44094903	44094937	60	-
M00571:14:000000000-A346Y:1:1110:9527:13990	chr4	123836462	123836481	40	+	chr4	123836459	123836481	45	-
M00571:14:000000000-A346Y:1:1111:18542:17612	chr7	44094904	44094936	60	+	chr7	44094903	44094937	60	-
M00571:14:000000000-A346Y:1:1107:12562:27833	chr4	123836462	123836481	40	+	chr4	123836459	123836481	45	-
M00571:14:000000000-A346Y:1:1109:2426:18293	chr4	123836462	123836481	40	+	chr4	123836459	123836481	45	-
M00571:14:000000000-A346Y:1:1113:5854:9335	chr4	123836462	123836481	40	+	chr4	123836459	123836481	45	-
M00571:14:000000000-A346Y:1:1109:19983:13889	chr6	122947051	122947076	58	+	chr6	122947049	122947077	60	-
M00571:14:000000000-A346Y:1:1107:13787:7588	chr4	123836462	123836481	40	+	chr4	123836459	123836481	45	-
M00571:14:000000000-A346Y:1:1106:21205:23048	chr4	123836462	123836481	40	+	chr4	123836459	123836481	45	-
M00571:14:000000000-A346Y:1:1101:24100:6059	chr7	44094904	44094936	60	+	chr7	44094903	44094937	60	-
M00571:14:000000000-A346Y:1:1101:11888:7213	chr7	44094904	44094938	37	+	chr22	36006474	36006493	0	+
M00571:14:000000000-A346Y:1:1106:19251:14226	chr3	17443680	17443749	60	+	chr3	17443679	17443749	60	-
M00571:14:000000000-A346Y:1:1111:4045:18779	chr15	68185876	68185907	60	+	chr15	68185874	68185907	60	-
M00571:14:000000000-A346Y:1:1104:12538:26497	chr7	44094904	44094936	60	+	chr7	44094903	44094937	60	-
M00571:14:000000000-A346Y:1:1111:12806:1968	chr7	44094904	44094936	60	+	chr7	44094903	44094937	60	-
M00571:14:000000000-A346Y:1:1113:20628:21832	chr7	44094904	44094936	60	+	chr7	44094903	44094937	60	-
M00571:14:000000000-A346Y:1:1104:9731:3585	chr4	123836462	123836481	40	+	chr4	123836459	123836481	45	-
M00571:14:000000000-A346Y:1:1108:12242:25612	chr19	5633850	5633949	60	+	chr22	36006474	36006493	0	+
M00571:14:000000000-A346Y:1:1110:20123:6328	chr7	44094904	44094938	60	+	chr7	44094903	44094939	60	-
M00571:14:000000000-A346Y:1:1104:8853:5130	chr4	123836462	123836481	40	+	chr4	123836459	123836481	45	-
M00571:14:000000000-A346Y:1:1104:9577:14950	chr5	137074237	137074262	60	+	chr5	137074237	137074262	51	-
M00571:14:000000000-A346Y:1:1112:16089:17370	chr4	123836462	123836481	40	+	chr4	123836459	123836482	45	-
M00571:14:000000000-A346Y:1:1110:25573:11601	chr4	123836462	123836481	40	+	chr4	123836459	123836481	45	-
M00571:14:000000000-A346Y:1:1107:13808:23993	chr4	123836462	123836481	40	+	chr4	123836459	123836481	45	-
M00571:14:000000000-A346Y:1:1107:14382:24766	chr4	123836462	123836481	40	+	chr4	123836459	123836481	45	-
M00571:14:000000000-A346Y:1:1112:11893:19343	chr4	123836462	123836481	40	+	chr4	123836459	123836482	45	-
M00571:14:000000000-A346Y:1:1107:8933:21202	chr6	26526645	26526742	60	+	chr6	122947049	122947073	13	-
M00571:14:000000000-A346Y:1:1109:5374:22306	chr6	74093656	74093688	34	+	chr22	36006474	36006493	0	+
M00571:14:000000000-A346Y:1:1105:9751:11508	chr4	123836462	123836481	40	+	chr4	123836459	123836481	45	-
M00571:14:000000000-A346Y:1:1113:7497:20343	chr4	123836462	123836481	40	+	chr4	123836459	123836482	45	-
M00571:14:000000000-A346Y:1:1102:17396:1326	chr4	123836462	123836481	40	+	chr4	123836459	123836481	43	-
M00571:14:000000000-A346Y:1:1107:14491:4597	chr4	123836462	123836481	40	+	chr4	123836459	123836481	45	-
M00571:14:000000000-A346Y:1:1110:8243:13221	chr4	123836462	123836481	40	+	chr4	123836459	123836482	45	-
M00571:14:000000000-A346Y:1:1101:13743:6179	chr7	44094904	44094936	60	+	chr7	44094903	44094937	60	-
M00571:14:000000000-A346Y:1:1110:11164:26662	chr4	123836462	123836481	40	+	chr4	123836459	123836481	45	-
M00571:14:000000000-A346Y:1:1114:18443:20865	chr6	26526645	26526742	60	+	chr22	36006474	36006493	0	+
M00571:14:000000000-A346Y:1:1112:15471:25414	chr6	140712010	140712084	60	+	chr6	140712010	140712084	60	-
M00571:14:000000000-A346Y:1:1108:10517:25110	chr6	26526645	26526742	60	+	chr6	26526645	26526742	60	-
M00571:14:000000000-A346Y:1:1109:4917:13558	chr4	123836462	123836481	40	+	chr4	123836459	123836481	45	-
M00571:14:000000000-A346Y:1:1104:17042:6157	chr1	19140698	19140750	60	+	chr1	19140698	19140750	60	-
M00571:14:000000000-A346Y:1:1112:27042:17687	chr6	122947051	122947076	58	+	chr6	122947049	122947077	60	-
M00571:14:000000000-A346Y:1:1101:26103:10338	chr6	140712010	140712084	60	+	chr22	36006474	36006493	0	+
M00571:14:000000000-A346Y:1:1109:13520:3058	chr7	44094904	44094938	60	+	chr7	44094903	44094939	60	-
M00571:14:000000000-A346Y:1:1107:14085:18143	chr2	41941892	41941962	60	+	chr2	41941892	41941962	60	-
M00571:14:000000000-A346Y:1:1110:7173:14845	chr19	36325939	36325969	60	+	chr19	36325938	36325970	60	-
M00571:14:000000000-A346Y:1:1101:8892:9228	chr4	123836462	123836481	40	+	chr4	123836459	123836481	45	-
M00571:14:000000000-A346Y:1:1106:23992:11393	chr19	18104557	18104591	60	+	chr19	18104556	18104591	60	-
M00571:14:000000000-A346Y:1:1111:13719:10516	chr7	44094904	44094936	60	+	chr7	44094903	44094937	60	-
M00571:14:000000000-A346Y:1:1105:27467:15966	chr7	44094904	44094936	60	+	chr7	44094903	44094937	60	-
M00571:14:000000000-A346Y:1:1104:11356:14070	chr7	44094904	44094938	60	+	chr7	44094903	44094939	60	-
M00571:14:000000000-A346Y:1:1102:8478:18799	chr4	123836462	123836481	40	+	chr4	123836459	123836481	45	-
M00571:14:000000000-A346Y:1:1105:6104:20546	chr7	44094904	44094938	60	+	chr7	44094903	44094939	60	-
M00571:14:000000000-A346Y:1:1104:16814:13446	chr1	27111686	27111775	60	+	chr1	27111686	27111775	60	-
M00571:14:000000000-A346Y:1:1112:17003:19596	chr7	44094904	44094936	60	+	chr7	44094903	44094937	60	-
M00571:14:000000000-A346Y:1:1105:20631:27842	chr4	123836462	123836481	40	+	chr4	123836459	123836481	45	-
M00571:14:000000000-A346Y:1:1109:12839:10922	chr6	122947051	122947076	18	+	chr22	36006474	36006493	0	+
M00571:14:000000000-A346Y:1:1111:25658:22718	chr1	85079236	85079291	60	+	chr1	85079236	85079291	60	-
M00571:14:000000000-A346Y:1:1102:20419:21797	chr4	123836462	123836481	40	+	chr4	123836459	123836481	45	-
M00571:14:000000000-A346Y:1:1105:12755:4595	chr7	44094904	44094936	60	+	chr7	44094903	44094937	60	-
M00571:14:000000000-A346Y:1:1108:23151:3836	chr4	123836462	123836481	40	+	chr4	123836459	123836482	45	-
M00571:14:000000000-A346Y:1:1107:21769:16736	chr2	187113629	187113673	60	+	chr2	187113629	187113673	60	-
M00571:14:000000000-A346Y:1:1110:8215:6215	chr3	17443680	17443749	60	+	chr22	36006474	36006493	0	+
M00571:14:000000000-A346Y:1:1113:20205:11657	chr6	74093656	74093688	34	+	chr22	36006474	36006493	0	+
M00571:14:000000000-A346Y:1:1114:4278:7187	chr7	44094904	44094938	60	+	chr7	44094903	44094939	60	-
M00571:14:000000000-A346Y:1:1107:8885:3895	chr4	123836462	123836481	40	+	chr4	123836459	123836482	45	-
M00571:14:000000000-A346Y:1:1107:24106:20427	chr4	123836462	123836481	40	+	chr4	123836459	123836481	45	-
M00571:14:000000000-A346Y:1:1104:25305:14423	chr7	44094904	44094936	60	+	chr7	44094903	44094937	60	-
M00571:14:000000000-A346Y:1:1104:13098:8965	chr7	44094904	44094936	60	+	chr7	44094903	44094937	60	-
M00571:14:000000000-A346Y:1:1108:13037:10431	chr4	123836462	123836481	40	+	chr4	123836459	123836482	45	-
M00571:14:000000000-A346Y:1:1110:17039:9041	chr7	44094904	44094936	60	+	chr7	44094903	44094937	60	-
M00571:14:000000000-A346Y:1:1108:4348:11964	chr4	123836462	123836481	40	+	chr4	123836459	123836481	45	-
M00571:14:000000000-A346Y:1:1111:16416:24604	chr7	44094904	44094936	60	+	chr7	44094903	44094937	60	-
M00571:14:000000000-A346Y:1:1108:21965:10577	chr7	44094904	44094938	60	+	chr7	44094903	44094939	60	-
M00571:14:000000000-A346Y:1:1114:12151:2606	chr6	74093656	74093688	34	+	chr22	36006474	36006493	0	+
M00571:14:000000000-A346Y:1:1105:16254:24652	chr4	123836462	123836481	40	+	chr4	123836459	123836482	45	-
M00571:14:000000000-A346Y:1:1104:9964:14987	chr6	122947051	122947076	58	+	chr6	122947049	122947077	60	-
M00571:14:000000000-A346Y:1:1108:24103:9684	chr4	123836462	123836481	40	+	chr4	123836459	123836481	45	-
M00571:14:000000000-A346Y:1:1101:19379:14387	chr7	44094904	44094938	37	+	chr9	9465949	9465968	0	+
M00571:14:000000000-A346Y:1:1110:9682:14922	chr7	44094904	44094936	60	+	chr7	44094903	44094937	60	-
M00571:14:000000000-A346Y:1:1113:15251:25625	chr7	44094904	44094938	60	+	chr7	44094903	44094939	60	-
M00571:14:000000000-A346Y:1:1103:26909:17672	chr7	44094904	44094936	60	+	chr7	44094903	44094937	60	-
M00571:14:000000000-A346Y:1:1105:17834:18059	chr4	123836462	123836481	40	+	chr4	123836459	123836481	45	-
M00571:14:000000000-A346Y:1:1108:8929:7982	chr4	123836462	123836481	40	+	chr4	123836459	123836481	45	-
M00571:14:000000000-A346Y:1:1101:25321:11239	chr12	120535388	120535487	60	+	chr22	36006474	36006493	0	+
M00571:14:000000000-A346Y:1:1103:14795:20652	chr4	123836462	123836481	40	+	chr4	123836459	123836482	45	-
M00571:14:000000000-A346Y:1:1108:16160:8703	chr3	17443680	17443744	60	+	chr22	36006474	36006493	0	+
M00571:14:000000000-A346Y:1:1103:7416:13359	chr3	17443680	17443749	60	+	chr3	17443680	17443749	60	-
M00571:14:000000000-A346Y:1:1105:21816:6053	chr8	134495422	134495521	60	+	chr8	134495423	134495525	60	-
M00571:14:000000000-A346Y:1:1110:8636:8578	chr7	44094904	44094938	37	+	chr7	44094903	44094939	40	-
M00571:14:000000000-A346Y:1:1103:7698:23914	chr7	44094904	44094936	60	+	chr7	44094903	44094937	60	-
M00571:14:000000000-A346Y:1:1108:14408:23993	chr4	123836462	123836481	40	+	chr4	123836459	123836481	45	-
M00571:14:000000000-A346Y:1:1113:13998:24676	chr4	123836462	123836481	40	+	chr4	123836459	123836482	45	-
M00571:14:000000000-A346Y:1:1102:28935:14828	chr7	44094904	44094936	34	+	chr7	123395430	123395450	4	-
M00571:14:000000000-A346Y:1:1108:14193:22294	chr7	44094904	44094938	60	+	chr7	44094903	44094939	60	-
M00571:14:000000000-A346Y:1:1104:16303:6336	chr7	44094904	44094936	60	+	chr7	44094903	44094937	60	-
M00571:14:000000000-A346Y:1:1108:21099:4461	chr4	123836462	123836481	40	+	chr4	123836459	123836482	45	-
M00571:14:000000000-A346Y:1:1109:13582:23796	chr7	44094904	44094938	60	+	chr7	44094903	44094939	60	-
M00571:14:000000000-A346Y:1:1109:13013:21365	chr7	44094904	44094936	60	+	chr7	44094903	44094937	60	-
M00571:14:000000000-A346Y:1:1109:10269:14087	chr7	44094904	44094936	60	+	chr7	44094903	44094937	60	-
M00571:14:000000000-A346Y:1:1101:21566:25095	chr19	55123243	55123280	53	+	chr22	36006474	36006493	0	+
M00571:14:000000000-A346Y:1:1101:27803:9909	chr7	44094904	44094938	60	+	chr7	44094903	44094939	60	-
M00571:14:000000000-A346Y:1:1114:4437:10415	chr4	123836462	123836481	40	+	chr4	123836459	123836482	45	-
M00571:14:000000000-A346Y:1:1106:18308:2668	chr19	18104557	18104591	60	+	chr19	18104556	18104591	60	-
M00571:14:000000000-A346Y:1:1111:4503:21273	chr7	44094904	44094936	60	+	chr7	44094903	44094937	60	-
M00571:14:000000000-A346Y:1:1109:19683:28086	chr4	123836462	123836481	40	+	chr4	123836459	123836481	45	-
M00571:14:000000000-A346Y:1:1113:16896:11031	chr4	123836462	123836481	40	+	chr4	123836459	123836481	45	-
M00571:14:000000000-A346Y:1:1103:23541:8287	chr4	123836462	123836481	40	+	chr4	123836459	123836482	45	-
M00571:14:000000000-A346Y:1:1108:8931:21357	chr11	73184226	73184318	60	+	chr22	36006474	36006493	0	+
M00571:14:000000000-A346Y:1:1110:9435:21489	chr4	123836462	123836481	40	+	chr4	123836459	123836481	45	-
M00571:14:000000000-A346Y:1:1112:24939:6426	chr7	44094904	44094938	60	+	chr7	44094903	44094939	60	-
M00571:14:000000000-A346Y:1:1104:10751:26622	chr4	123836462	123836481	40	+	chr4	123836459	123836481	45	-
M00571:14:000000000-A346Y:1:1102:20766:21095	chr7	44094904	44094938	60	+	chr7	44094903	44094939	60	-
M00571:14:000000000-A346Y:1:1105:9804:25791	chr4	123836462	123836481	40	+	chr4	123836459	123836481	45	-
M00571:14:000000000-A346Y:1:1109:10324:26655	chr7	44094904	44094936	60	+	chr7	44094903	44094937	60	-
M00571:14:000000000-A346Y:1:1112:21361:14267	chr3	17443680	17443749	60	+	chr11	121562816	121562835	0	-
M00571:14:000000000-A346Y:1:1106:17736:2694	chr17	27754451	27754483	60	+	chr17	27754449	27754484	60	-
M00571:14:000000000-A346Y:1:1113:23007:18743	chr7	44094904	44094936	60	+	chr7	44094903	44094937	60	-
M00571:14:000000000-A346Y:1:1113:27733:16756	chr3	17443680	17443749	60	+	chr3	17443679	17443749	60	-
M00571:14:000000000-A346Y:1:1114:15467:12864	chr4	123836462	123836481	40	+	chr4	123836459	123836481	45	-
M00571:14:000000000-A346Y:1:1109:2621:17777	chr4	123836462	123836481	40	+	chr4	123836459	123836482	45	-
M00571:14:000000000-A346Y:1:1106:23473:8034	chr17	27754451	27754483	60	+	chr17	27754449	27754483	60	-
M00571:14:000000000-A346Y:1:1111:9172:18734	chr7	44094904	44094936	60	+	chr7	44094903	44094937	60	-
M00571:14:000000000-A346Y:1:1109:17363:20945	chr4	123836462	123836481	40	+	chr4	123836459	123836481	45	-
M00571:14:000000000-A346Y:1:1110:9727:7073	chr4	123836462	123836481	40	+	chr4	123836459	123836482	45	-
M00571:14:000000000-A346Y:1:1112:3256:19204	chr15	38491113	38491161	60	+	chr15	38491141	38491161	44	-
M00571:14:000000000-A346Y:1:1110:14133:23525	chr7	44094904	44094938	37	+	chr22	36006474	36006493	0	+
M00571:14:000000000-A346Y:1:1108:16327:4623	chr4	123836462	123836481	40	+	chr4	123836459	123836482	45	-
M00571:14:000000000-A346Y:1:1104:5472:12272	chr3	17443680	17443744	60	+	chr3	17443679	17443744	60	-
M00571:14:000000000-A346Y:1:1101:14144:22392	chr3	17443680	17443744	60	+	chr6	163623292	163623311	0	-
M00571:14:000000000-A346Y:1:1103:26257:6867	chr17	79557916	79558015	60	+	chr17	79558052	79558154	60	-
M00571:14:000000000-A346Y:1:1110:15228:3590	chr10	17082651	17082690	56	+	chr22	36006474	36006493	0	+
M00571:14:000000000-A346Y:1:1101:19192:11335	chr3	17443680	17443749	60	+	chr3	17443679	17443749	60	-
M00571:14:000000000-A346Y:1:1108:11153:20835	chr7	44094904	44094936	60	+	chr7	44094903	44094937	60	-
M00571:14:000000000-A346Y:1:1104:18573:13128	chr4	123836462	123836481	40	+	chr4	123836459	123836482	45	-
M00571:14:000000000-A346Y:1:1114:9151:23700	chr7	44094904	44094936	60	+	chr7	44094903	44094937	60	-
M00571:14:000000000-A346Y:1:1110:14167:18924	chr4	123836462	123836481	40	+	chr4	123836459	123836481	45	-
M00571:14:000000000-A346Y:1:1111:17877:14760	chr4	123836462	123836481	40	+	chr4	123836459	123836481	45	-
M00571:14:000000000-A346Y:1:1106:22903:21722	chr4	123836462	123836481	40	+	chr4	123836459	123836482	45	-
M00571:14:000000000-A346Y:1:1110:18631:3172	chr7	44094904	44094936	60	+	chr7	44094903	44094937	60	-
M00571:14:000000000-A346Y:1:1110:15877:5607	chr6	74093656	74093688	34	+	chr22	36006474	36006493	0	+
M00571:14:000000000-A346Y:1:1105:11370:27263	chr19	883608	883676	60	+	chr19	883608	883676	60	-
M00571:14:000000000-A346Y:1:1107:9959:16310	chr4	123836462	123836481	40	+	chr4	123836459	123836481	45	-
M00571:14:000000000-A346Y:1:1104:9830:25122	chr7	44094904	44094936	60	+	chr7	44094903	44094937	60	-
M00571:14:000000000-A346Y:1:1108:23297:3900	chr6	26526645	26526742	60	+	chr6	26526645	26526742	60	-
M00571:14:000000000-A346Y:1:1107:5525:7455	chr6	74093656	74093688	34	+	chr22	36006474	36006493	0	+
M00571:14:000000000-A346Y:1:1106:21085:15889	chr17	27754451	27754483	60	+	chr17	27754449	27754483	60	-
M00571:14:000000000-A346Y:1:1110:12355:17380	chr17	27754451	27754483	60	+	chr17	27754449	27754483	60	-
M00571:14:000000000-A346Y:1:1103:22650:9171	chr4	123836462	123836481	40	+	chr4	123836459	123836481	45	-
M00571:14:000000000-A346Y:1:1111:21022:10369	chr4	123836462	123836481	40	+	chr4	123836459	123836481	45	-
M00571:14:000000000-A346Y:1:1108:24570:16217	chr4	123836462	123836481	40	+	chr4	123836459	123836482	45	-
M00571:14:000000000-A346Y:1:1108:10930:25600	chr17	78685470	78685532	60	+	chr22	36006474	36006493	0	+
M00571:14:000000000-A346Y:1:1103:16148:24546	chr4	123836462	123836481	40	+	chr4	123836459	123836482	45	-
M00571:14:000000000-A346Y:1:1108:9095:17629	chr7	44094904	44094936	60	+	chr7	44094903	44094937	60	-
M00571:14:000000000-A346Y:1:1109:13384:2925	chr6	122947051	122947076	18	+	chr22	36006474	36006493	0	+
M00571:14:000000000-A346Y:1:1104:18269:3130	chr7	44094904	44094936	60	+	chr7	44094903	44094937	60	-
M00571:14:000000000-A346Y:1:1102:13875:21957	chr7	44094904	44094938	60	+	chr7	44094903	44094939	60	-
M00571:14:000000000-A346Y:1:1101:25239:21935	chr6	74093656	74093688	34	+	chr22	36006474	36006493	0	+
M00571:14:000000000-A346Y:1:1114:4243:13140	chr7	44094904	44094938	60	+	chr7	44094903	44094939	60	-
M00571:14:000000000-A346Y:1:1114:18258:10921	chr1	150633654	150633701	42	+	chr22	36006474	36006493	0	+
M00571:14:000000000-A346Y:1:1111:9680:7551	chr8	134495422	134495521	60	+	chr8	134495423	134495525	60	-
M00571:14:000000000-A346Y:1:1108:8178:15394	chr11	111972351	111972428	60	+	chr11	111972356	111972428	60	-
M00571:14:000000000-A346Y:1:1105:28331:16852	chr7	44094904	44094938	37	+	chr22	36006474	36006493	0	+
M00571:14:000000000-A346Y:1:1106:7773:24655	chr4	123836462	123836481	40	+	chr4	123836459	123836481	40	-
M00571:14:000000000-A346Y:1:1101:18826:21485	chr7	44094904	44094938	60	+	chr7	44094903	44094939	60	-
M00571:14:000000000-A346Y:1:1102:16667:15037	chr7	44094904	44094936	60	+	chr7	44094903	44094937	60	-
M00571:14:000000000-A346Y:1:1112:22071:6211	chr17	27754451	27754483	60	+	chr17	27754449	27754483	60	-
M00571:14:000000000-A346Y:1:1114:11191:16244	chr4	123836462	123836481	40	+	chr4	123836459	123836481	45	-
M00571:14:000000000-A346Y:1:1110:19142:14620	chr15	58374710	58374809	60	+	chr15	58374765	58374867	60	-
M00571:14:000000000-A346Y:1:1104:23802:18688	chr7	44094904	44094936	60	+	chr7	44094903	44094937	60	-
M00571:14:000000000-A346Y:1:1106:17232:6057	chr3	17443680	17443749	60	+	chr3	17443686	17443744	60	-
M00571:14:000000000-A346Y:1:1104:24024:10964	chr7	44094904	44094938	60	+	chr7	44094903	44094939	60	-
M00571:14:000000000-A346Y:1:1107:13192:20775	chr4	123836462	123836481	40	+	chr4	123836459	123836481	45	-
M00571:14:000000000-A346Y:1:1112:9482:5253	chr7	44094904	44094938	60	+	chr7	44094903	44094939	60	-
M00571:14:000000000-A346Y:1:1111:17869:17654	chr4	123836462	123836481	40	+	chr4	123836459	123836482	45	-
M00571:14:000000000-A346Y:1:1107:10616:6292	chr7	44094904	44094938	60	+	chr7	44094903	44094939	60	-
M00571:14:000000000-A346Y:1:1113:5689:16828	chr7	44094904	44094936	60	+	chr7	44094903	44094937	60	-
M00571:14:000000000-A346Y:1:1103:8680:9243	chr8	134495422	134495521	60	+	chr8	134495423	134495525	60	-
M00571:14:000000000-A346Y:1:1114:9004:12184	chr7	44094904	44094936	60	+	chr7	44094903	44094937	60	-
M00571:14:000000000-A346Y:1:1107:16758:4832	chr7	44094904	44094936	34	+	chr7	44094903	44094937	35	-
M00571:14:000000000-A346Y:1:1108:16539:6555	chr7	44094904	44094936	60	+	chr7	44094903	44094937	60	-
M00571:14:000000000-A346Y:1:1105:4171:18554	chr8	134495422	134495521	60	+	chr8	134495423	134495525	60	-
M00571:14:000000000-A346Y:1:1102:8472:3349	chr7	44094904	44094936	60	+	chr7	44094903	44094937	60	-
M00571:14:000000000-A346Y:1:1108:4221:9628	chr7	44094904	44094936	60	+	chr7	44094903	44094937	60	-
M00571:14:000000000-A346Y:1:1107:18606:17780	chr6	122947051	122947076	18	+	chr22	36006474	36006493	0	+
M00571:14:000000000-A346Y:1:1114:24706:11004	chr3	17443680	17443744	60	+	chr3	17443679	17443744	60	-
M00571:14:000000000-A346Y:1:1106:5915:16992	chr11	35761484	35761563	60	+	chr11	35761484	35761563	60	-
M00571:14:000000000-A346Y:1:1105:16319:15602	chr7	44094904	44094938	60	+	chr7	44094903	44094939	60	-
M00571:14:000000000-A346Y:1:1114:15935:8958	chr17	27754451	27754483	60	+	chr17	27754449	27754483	60	-
M00571:14:000000000-A346Y:1:1106:22231:14567	chr4	123836462	123836481	40	+	chr4	123836459	123836482	45	-
M00571:14:000000000-A346Y:1:1101:22945:25490	chr6	122947051	122947076	58	+	chr6	122947049	122947077	60	-
M00571:14:000000000-A346Y:1:1101:9627:12459	chr7	44094904	44094938	60	+	chr7	44094903	44094939	60	-
M00571:14:000000000-A346Y:1:1108:22870:19841	chr8	100947562	100947592	60	+	chr8	100947560	100947592	60	-
M00571:14:000000000-A346Y:1:1106:10284:26654	chr6	74093656	74093688	34	+	chr22	36006474	36006493	0	+
M00571:14:000000000-A346Y:1:1111:25328:5234	chr1	150633654	150633701	60	+	chr12	129601900	129601919	0	-
M00571:14:000000000-A346Y:1:1105:11149:4015	chr7	44094904	44094936	60	+	chr7	44094903	44094937	60	-
M00571:14:000000000-A346Y:1:1102:12201:23633	chr6	122947051	122947076	18	+	chr22	36006474	36006493	0	+
M00571:14:000000000-A346Y:1:1113:12364:14802	chr4	123836462	123836481	40	+	chr4	123836459	123836481	45	-
M00571:14:000000000-A346Y:1:1101:17345:27597	chr6	122947051	122947076	18	+	chr22	36006474	36006493	0	+
M00571:14:000000000-A346Y:1:1105:12786:13137	chr3	17443680	17443744	60	+	chr3	17443679	17443744	60	-
M00571:14:000000000-A346Y:1:1108:11099:18314	chr4	123836462	123836481	40	+	chr4	123836459	123836481	45	-
M00571:14:000000000-A346Y:1:1107:16235:4511	chr10	99233738	99233757	40	+	chr10	99233737	99233757	44	-
M00571:14:000000000-A346Y:1:1104:4756:19857	chr7	44094904	44094938	60	+	chr7	44094903	44094939	60	-
M00571:14:000000000-A346Y:1:1101:15623:28008	chr3	17443680	17443749	60	+	chr3	17443679	17443749	60	-
M00571:14:000000000-A346Y:1:1113:17074:26221	chr4	123836462	123836481	40	+	chr4	123836459	123836481	45	-
M00571:14:000000000-A346Y:1:1108:27869:14972	chr7	44094904	44094936	60	+	chr7	44094903	44094937	60	-
M00571:14:000000000-A346Y:1:1113:21120:15324	chr4	123836462	123836481	40	+	chr4	123836459	123836482	45	-
M00571:14:000000000-A346Y:1:1113:14082:18039	chr7	44094904	44094936	60	+	chr7	44094903	44094937	60	-
M00571:14:000000000-A346Y:1:1106:8205:25777	chr4	123836462	123836481	40	+	chr4	123836459	123836482	45	-
M00571:14:000000000-A346Y:1:1103:11063:10677	chr4	123836462	123836481	40	+	chr4	123836459	123836481	43	-
M00571:14:000000000-A346Y:1:1110:2418:17064	chr15	58374710	58374809	60	+	chr22	36006474	36006493	0	+
M00571:14:000000000-A346Y:1:1108:10964:19626	chr7	44094904	44094936	60	+	chr7	44094903	44094937	60	-
M00571:14:000000000-A346Y:1:1110:14644:27489	chr4	123836462	123836481	40	+	chr4	123836459	123836482	45	-
M00571:14:000000000-A346Y:1:1101:18239:4486	chr7	44094904	44094938	60	+	chr7	44094903	44094939	60	-
M00571:14:000000000-A346Y:1:1110:15175:20015	chr7	44094904	44094938	60	+	chr7	44094903	44094939	60	-
M00571:14:000000000-A346Y:1:1103:14959:13652	chr3	17443680	17443744	60	+	chr3	17443679	17443744	60	-
M00571:14:000000000-A346Y:1:1105:9292:16646	chr10	50868322	50868373	26	+	chr22	36006474	36006493	0	+
M00571:14:000000000-A346Y:1:1108:7943:18790	chr7	139549015	139549036	47	+	chr7	139549013	139549037	40	-
M00571:14:000000000-A346Y:1:1114:11046:8702	chr7	44094904	44094938	60	+	chr7	44094903	44094939	60	-
M00571:14:000000000-A346Y:1:1102:7993:5281	chr8	134495422	134495521	60	+	chr8	134495423	134495525	60	-
M00571:14:000000000-A346Y:1:1111:13783:28101	chr4	123836462	123836481	40	+	chr4	123836459	123836481	45	-
M00571:14:000000000-A346Y:1:1111:9127:16210	chr3	17443680	17443749	60	+	chr3	17443679	17443749	60	-
M00571:14:000000000-A346Y:1:1102:4435:18334	chr7	44094904	44094936	60	+	chr7	44094903	44094937	60	-
M00571:14:000000000-A346Y:1:1101:16052:24721	chr7	44094904	44094936	60	+	chr7	44094903	44094937	60	-
M00571:14:000000000-A346Y:1:1104:17882:16475	chr11	35761484	35761563	60	+	chr11	35761488	35761563	60	-
